id_emplacement,code_emplacement,id_entrepot,zone,type_emplacement,actif,Volume (m3),Unnamed: 7,floor,position,full_code,x,y,z,dist_from_receipt,dist_from_expedition,total_distance
430,0A-02-01,235,B7-PCK,PICKING,True,,,0A,02-01,0A-02-01,1,2,0,3,5,8
434,0A-02-02,235,B7-PCK,PICKING,True,,,0A,02-02,0A-02-02,2,2,0,4,4,8
438,0A-02-03,235,B7-PCK,PICKING,True,,,0A,02-03,0A-02-03,3,2,0,5,3,8
442,0B-01-01,235,B7-PCK,PICKING,True,,,0B,01-01,0B-01-01,1,1,0,2,6,8
446,0B-01-02,235,B7-PCK,PICKING,True,,,0B,01-02,0B-01-02,2,1,0,3,5,8
450,0B-01-03,235,B7-PCK,PICKING,True,,,0B,01-03,0B-01-03,3,1,0,4,4,8
454,0B-02-01,235,B7-PCK,PICKING,True,,,0B,02-01,0B-02-01,1,2,0,3,5,8
458,0B-02-02,235,B7-PCK,PICKING,True,,,0B,02-02,0B-02-02,2,2,0,4,4,8
462,0B-02-03,235,B7-PCK,PICKING,True,,,0B,02-03,0B-02-03,3,2,0,5,3,8
466,0B-03-01,235,B7-PCK,PICKING,True,ùù,²312,0B,03-01,0B-03-01,1,3,0,4,4,8
470,0B-03-02,235,B7-PCK,PICKING,True,,,0B,03-02,0B-03-02,2,3,0,5,3,8
474,0B-03-03,235,B7-PCK,PICKING,True,,,0B,03-03,0B-03-03,3,3,0,6,2,8
478,0C-01-01,235,B7-PCK,PICKING,True,,,0C,01-01,0C-01-01,1,1,0,2,6,8
482,0C-01-02,235,B7-PCK,PICKING,True,,,0C,01-02,0C-01-02,2,1,0,3,5,8
486,0C-01-03,235,B7-PCK,PICKING,True,,,0C,01-03,0C-01-03,3,1,0,4,4,8
680,0C-02-01,235,B7-PCK,PICKING,True,,,0C,02-01,0C-02-01,1,2,0,3,5,8
684,0C-02-02,235,B7-PCK,PICKING,True,,,0C,02-02,0C-02-02,2,2,0,4,4,8
688,0C-02-03,235,B7-PCK,PICKING,True,,,0C,02-03,0C-02-03,3,2,0,5,3,8
692,0D-01-01,235,B7-PCK,PICKING,True,,,0D,01-01,0D-01-01,1,1,0,2,6,8
696,0D-01-02,235,B7-PCK,PICKING,True,,,0D,01-02,0D-01-02,2,1,0,3,5,8
700,0D-01-03,235,B7-PCK,PICKING,True,,,0D,01-03,0D-01-03,3,1,0,4,4,8
704,0D-02-01,235,B7-PCK,PICKING,True,,,0D,02-01,0D-02-01,1,2,0,3,5,8
708,0D-02-02,235,B7-PCK,PICKING,True,,,0D,02-02,0D-02-02,2,2,0,4,4,8
712,0D-02-03,235,B7-PCK,PICKING,True,,,0D,02-03,0D-02-03,3,2,0,5,3,8
716,0D-03-01,235,B7-PCK,PICKING,True,,,0D,03-01,0D-03-01,1,3,0,4,4,8
720,0D-03-02,235,B7-PCK,PICKING,True,,,0D,03-02,0D-03-02,2,3,0,5,3,8
724,0D-03-03,235,B7-PCK,PICKING,True,,,0D,03-03,0D-03-03,3,3,0,6,2,8
728,0E-01-01,235,B7-PCK,PICKING,True,,,0E,01-01,0E-01-01,1,1,0,2,6,8
732,0E-01-02,235,B7-PCK,PICKING,True,,,0E,01-02,0E-01-02,2,1,0,3,5,8
736,0E-01-03,235,B7-PCK,PICKING,True,,,0E,01-03,0E-01-03,3,1,0,4,4,8
740,0E-02-01,235,B7-PCK,PICKING,True,,,0E,02-01,0E-02-01,1,2,0,3,5,8
744,0E-02-02,235,B7-PCK,PICKING,True,,,0E,02-02,0E-02-02,2,2,0,4,4,8
748,0E-02-03,235,B7-PCK,PICKING,True,,,0E,02-03,0E-02-03,3,2,0,5,3,8
752,0F-01-01,235,B7-PCK,PICKING,True,,,0F,01-01,0F-01-01,1,1,0,2,6,8
756,0F-01-02,235,B7-PCK,PICKING,True,,,0F,01-02,0F-01-02,2,1,0,3,5,8
760,0F-01-03,235,B7-PCK,PICKING,True,,,0F,01-03,0F-01-03,3,1,0,4,4,8
764,0F-02-01,235,B7-PCK,PICKING,True,,,0F,02-01,0F-02-01,1,2,0,3,5,8
768,0F-02-02,235,B7-PCK,PICKING,True,,,0F,02-02,0F-02-02,2,2,0,4,4,8
772,0F-02-03,235,B7-PCK,PICKING,True,,,0F,02-03,0F-02-03,3,2,0,5,3,8
776,0F-03-01,235,B7-PCK,PICKING,True,,,0F,03-01,0F-03-01,1,3,0,4,4,8
780,0F-03-02,235,B7-PCK,PICKING,True,,,0F,03-02,0F-03-02,2,3,0,5,3,8
784,0F-03-03,235,B7-PCK,PICKING,True,,,0F,03-03,0F-03-03,3,3,0,6,2,8
788,0G-01-01,235,B7-PCK,PICKING,True,,,0G,01-01,0G-01-01,1,1,0,2,6,8
792,0G-01-02,235,B7-PCK,PICKING,True,,,0G,01-02,0G-01-02,2,1,0,3,5,8
796,0G-01-03,235,B7-PCK,PICKING,True,,,0G,01-03,0G-01-03,3,1,0,4,4,8
800,0G-02-01,235,B7-PCK,PICKING,True,,,0G,02-01,0G-02-01,1,2,0,3,5,8
804,0G-02-02,235,B7-PCK,PICKING,True,,,0G,02-02,0G-02-02,2,2,0,4,4,8
808,0G-02-03,235,B7-PCK,PICKING,True,,,0G,02-03,0G-02-03,3,2,0,5,3,8
812,0H-01-01,235,B7-PCK,PICKING,True,,,0H,01-01,0H-01-01,1,1,0,2,6,8
816,0H-01-02,235,B7-PCK,PICKING,True,,,0H,01-02,0H-01-02,2,1,0,3,5,8
820,0H-01-03,235,B7-PCK,PICKING,True,,,0H,01-03,0H-01-03,3,1,0,4,4,8
824,0H-02-01,235,B7-PCK,PICKING,True,,,0H,02-01,0H-02-01,1,2,0,3,5,8
828,0H-02-02,235,B7-PCK,PICKING,True,,,0H,02-02,0H-02-02,2,2,0,4,4,8
832,0H-02-03,235,B7-PCK,PICKING,True,,,0H,02-03,0H-02-03,3,2,0,5,3,8
836,0H-03-01,235,B7-PCK,PICKING,True,,,0H,03-01,0H-03-01,1,3,0,4,4,8
840,0H-03-02,235,B7-PCK,PICKING,True,,,0H,03-02,0H-03-02,2,3,0,5,3,8
844,0H-03-03,235,B7-PCK,PICKING,True,,,0H,03-03,0H-03-03,3,3,0,6,2,8
848,0I-01-01,235,B7-PCK,PICKING,True,,,0I,01-01,0I-01-01,1,1,0,2,6,8
852,0I-01-02,235,B7-PCK,PICKING,True,,,0I,01-02,0I-01-02,2,1,0,3,5,8
856,0I-01-03,235,B7-PCK,PICKING,True,,,0I,01-03,0I-01-03,3,1,0,4,4,8
860,0I-02-01,235,B7-PCK,PICKING,True,,,0I,02-01,0I-02-01,1,2,0,3,5,8
894,0I-02-02,235,B7-PCK,PICKING,True,,,0I,02-02,0I-02-02,2,2,0,4,4,8
898,0I-02-03,235,B7-PCK,PICKING,True,,,0I,02-03,0I-02-03,3,2,0,5,3,8
902,0K-01-01,235,B7-PCK,PICKING,True,,,0K,01-01,0K-01-01,1,1,0,2,6,8
906,0K-01-02,235,B7-PCK,PICKING,True,,,0K,01-02,0K-01-02,2,1,0,3,5,8
910,0K-01-03,235,B7-PCK,PICKING,True,,,0K,01-03,0K-01-03,3,1,0,4,4,8
914,0K-02-01,235,B7-PCK,PICKING,True,,,0K,02-01,0K-02-01,1,2,0,3,5,8
918,0K-02-02,235,B7-PCK,PICKING,True,,,0K,02-02,0K-02-02,2,2,0,4,4,8
922,0K-02-03,235,B7-PCK,PICKING,True,,,0K,02-03,0K-02-03,3,2,0,5,3,8
926,0K-03-01,235,B7-PCK,PICKING,True,,,0K,03-01,0K-03-01,1,3,0,4,4,8
930,0K-03-02,235,B7-PCK,PICKING,True,,,0K,03-02,0K-03-02,2,3,0,5,3,8
934,0K-03-03,235,B7-PCK,PICKING,True,,,0K,03-03,0K-03-03,3,3,0,6,2,8
974,0M-01-01,235,B7-PCK,PICKING,True,,,0M,01-01,0M-01-01,1,1,0,2,6,8
978,0M-01-02,235,B7-PCK,PICKING,True,,,0M,01-02,0M-01-02,2,1,0,3,5,8
982,0M-01-03,235,B7-PCK,PICKING,True,,,0M,01-03,0M-01-03,3,1,0,4,4,8
986,0M-02-01,235,B7-PCK,PICKING,True,,,0M,02-01,0M-02-01,1,2,0,3,5,8
990,0M-02-02,235,B7-PCK,PICKING,True,,,0M,02-02,0M-02-02,2,2,0,4,4,8
994,0M-02-03,235,B7-PCK,PICKING,True,,,0M,02-03,0M-02-03,3,2,0,5,3,8
938,0N-01-01,235,B7-PCK,PICKING,True,,,0N,01-01,0N-01-01,1,1,0,2,6,8
942,0N-01-02,235,B7-PCK,PICKING,True,,,0N,01-02,0N-01-02,2,1,0,3,5,8
946,0N-01-03,235,B7-PCK,PICKING,True,,,0N,01-03,0N-01-03,3,1,0,4,4,8
950,0N-02-01,235,B7-PCK,PICKING,True,,,0N,02-01,0N-02-01,1,2,0,3,5,8
954,0N-02-02,235,B7-PCK,PICKING,True,,,0N,02-02,0N-02-02,2,2,0,4,4,8
958,0N-02-03,235,B7-PCK,PICKING,True,,,0N,02-03,0N-02-03,3,2,0,5,3,8
962,0N-03-01,235,B7-PCK,PICKING,True,,,0N,03-01,0N-03-01,1,3,0,4,4,8
966,0N-03-02,235,B7-PCK,PICKING,True,,,0N,03-02,0N-03-02,2,3,0,5,3,8
970,0N-03-03,235,B7-PCK,PICKING,True,,,0N,03-03,0N-03-03,3,3,0,6,2,8
998,0P-01-01,235,B7-PCK,PICKING,True,,,0P,01-01,0P-01-01,1,1,0,2,6,8
1002,0P-01-02,235,B7-PCK,PICKING,True,,,0P,01-02,0P-01-02,2,1,0,3,5,8
1006,0P-01-03,235,B7-PCK,PICKING,True,,,0P,01-03,0P-01-03,3,1,0,4,4,8
1010,0P-02-01,235,B7-PCK,PICKING,True,,,0P,02-01,0P-02-01,1,2,0,3,5,8
1014,0P-02-02,235,B7-PCK,PICKING,True,,,0P,02-02,0P-02-02,2,2,0,4,4,8
1018,0P-02-03,235,B7-PCK,PICKING,True,,,0P,02-03,0P-02-03,3,2,0,5,3,8
1022,0Q-01-01,235,B7-PCK,PICKING,True,,,0Q,01-01,0Q-01-01,1,1,0,2,6,8
1026,0Q-01-02,235,B7-PCK,PICKING,True,,,0Q,01-02,0Q-01-02,2,1,0,3,5,8
1030,0Q-01-03,235,B7-PCK,PICKING,True,,,0Q,01-03,0Q-01-03,3,1,0,4,4,8
1034,0Q-02-01,235,B7-PCK,PICKING,True,,,0Q,02-01,0Q-02-01,1,2,0,3,5,8
1038,0Q-02-02,235,B7-PCK,PICKING,True,,,0Q,02-02,0Q-02-02,2,2,0,4,4,8
1042,0Q-02-03,235,B7-PCK,PICKING,True,,,0Q,02-03,0Q-02-03,3,2,0,5,3,8
1046,0Q-03-01,235,B7-PCK,PICKING,True,,,0Q,03-01,0Q-03-01,1,3,0,4,4,8
1050,0Q-03-02,235,B7-PCK,PICKING,True,,,0Q,03-02,0Q-03-02,2,3,0,5,3,8
1054,0Q-03-03,235,B7-PCK,PICKING,True,,,0Q,03-03,0Q-03-03,3,3,0,6,2,8
1058,0R-01-01,235,B7-PCK,PICKING,True,,,0R,01-01,0R-01-01,1,1,0,2,6,8
1062,0R-01-02,235,B7-PCK,PICKING,True,,,0R,01-02,0R-01-02,2,1,0,3,5,8
1066,0R-01-03,235,B7-PCK,PICKING,True,,,0R,01-03,0R-01-03,3,1,0,4,4,8
1070,0R-02-01,235,B7-PCK,PICKING,True,,,0R,02-01,0R-02-01,1,2,0,3,5,8
1074,0R-02-02,235,B7-PCK,PICKING,True,,,0R,02-02,0R-02-02,2,2,0,4,4,8
1078,0R-02-03,235,B7-PCK,PICKING,True,,,0R,02-03,0R-02-03,3,2,0,5,3,8
1082,0S-01-01,235,B7-PCK,PICKING,True,,,0S,01-01,0S-01-01,1,1,0,2,6,8
1086,0S-01-02,235,B7-PCK,PICKING,True,,,0S,01-02,0S-01-02,2,1,0,3,5,8
1098,0S-01-03,235,B7-PCK,PICKING,True,,,0S,01-03,0S-01-03,3,1,0,4,4,8
1102,0S-02-01,235,B7-PCK,PICKING,True,,,0S,02-01,0S-02-01,1,2,0,3,5,8
1342,0S-02-02,235,B7-PCK,PICKING,True,,,0S,02-02,0S-02-02,2,2,0,4,4,8
1109,0S-02-03,235,B7-PCK,PICKING,True,,,0S,02-03,0S-02-03,3,2,0,5,3,8
1113,0S-03-01,235,B7-PCK,PICKING,True,,,0S,03-01,0S-03-01,1,3,0,4,4,8
1117,0S-03-02,235,B7-PCK,PICKING,True,,,0S,03-02,0S-03-02,2,3,0,5,3,8
1121,0S-03-03,235,B7-PCK,PICKING,True,,,0S,03-03,0S-03-03,3,3,0,6,2,8
1125,0T-01-01,235,B7-PCK,PICKING,True,,,0T,01-01,0T-01-01,1,1,0,2,6,8
1129,0T-01-02,235,B7-PCK,PICKING,True,,,0T,01-02,0T-01-02,2,1,0,3,5,8
1133,0T-01-03,235,B7-PCK,PICKING,True,,,0T,01-03,0T-01-03,3,1,0,4,4,8
1137,0T-02-01,235,B7-PCK,PICKING,True,,,0T,02-01,0T-02-01,1,2,0,3,5,8
1141,0T-02-02,235,B7-PCK,PICKING,True,,,0T,02-02,0T-02-02,2,2,0,4,4,8
1145,0T-02-03,235,B7-PCK,PICKING,True,,,0T,02-03,0T-02-03,3,2,0,5,3,8
1149,0V-01-01,235,B7-PCK,PICKING,True,,,0V,01-01,0V-01-01,1,1,0,2,6,8
1153,0V-01-02,235,B7-PCK,PICKING,True,,,0V,01-02,0V-01-02,2,1,0,3,5,8
1157,0V-01-03,235,B7-PCK,PICKING,True,,,0V,01-03,0V-01-03,3,1,0,4,4,8
1161,0V-02-01,235,B7-PCK,PICKING,True,,,0V,02-01,0V-02-01,1,2,0,3,5,8
1165,0V-02-02,235,B7-PCK,PICKING,True,,,0V,02-02,0V-02-02,2,2,0,4,4,8
1169,0V-02-03,235,B7-PCK,PICKING,True,,,0V,02-03,0V-02-03,3,2,0,5,3,8
1173,0V-03-01,235,B7-PCK,PICKING,True,,,0V,03-01,0V-03-01,1,3,0,4,4,8
1177,0V-03-02,235,B7-PCK,PICKING,True,,,0V,03-02,0V-03-02,2,3,0,5,3,8
1181,0V-03-03,235,B7-PCK,PICKING,True,,,0V,03-03,0V-03-03,3,3,0,6,2,8
1185,0W-01-01,235,B7-PCK,PICKING,True,,,0W,01-01,0W-01-01,1,1,0,2,6,8
1189,0W-01-02,235,B7-PCK,PICKING,True,,,0W,01-02,0W-01-02,2,1,0,3,5,8
1193,0W-01-03,235,B7-PCK,PICKING,True,,,0W,01-03,0W-01-03,3,1,0,4,4,8
1197,0W-02-01,235,B7-PCK,PICKING,True,,,0W,02-01,0W-02-01,1,2,0,3,5,8
1201,0W-02-02,235,B7-PCK,PICKING,True,,,0W,02-02,0W-02-02,2,2,0,4,4,8
1205,0W-02-03,235,B7-PCK,PICKING,True,,,0W,02-03,0W-02-03,3,2,0,5,3,8
1209,0W-03-01,235,B7-PCK,PICKING,True,,,0W,03-01,0W-03-01,1,3,0,4,4,8
1213,0W-03-02,235,B7-PCK,PICKING,True,,,0W,03-02,0W-03-02,2,3,0,5,3,8
1217,0W-03-03,235,B7-PCK,PICKING,True,,,0W,03-03,0W-03-03,3,3,0,6,2,8
1221,0W-04-01,235,B7-PCK,PICKING,True,,,0W,04-01,0W-04-01,1,4,0,5,3,8
1225,0W-04-02,235,B7-PCK,PICKING,True,,,0W,04-02,0W-04-02,2,4,0,6,2,8
1229,0W-04-03,235,B7-PCK,PICKING,True,,,0W,04-03,0W-04-03,3,4,0,7,1,8
1233,0W-05-01,235,B7-PCK,PICKING,True,,,0W,05-01,0W-05-01,1,5,0,6,2,8
1237,0W-05-02,235,B7-PCK,PICKING,True,,,0W,05-02,0W-05-02,2,5,0,7,1,8
1241,0W-05-03,235,B7-PCK,PICKING,True,,,0W,05-03,0W-05-03,3,5,0,8,0,8
1245,0X-01-01,235,B7-PCK,PICKING,True,,,0X,01-01,0X-01-01,1,1,0,2,6,8
1249,0X-01-02,235,B7-PCK,PICKING,True,,,0X,01-02,0X-01-02,2,1,0,3,5,8
1253,0X-01-03,235,B7-PCK,PICKING,True,,,0X,01-03,0X-01-03,3,1,0,4,4,8
1257,0X-02-01,235,B7-PCK,PICKING,True,,,0X,02-01,0X-02-01,1,2,0,3,5,8
1261,0X-02-02,235,B7-PCK,PICKING,True,,,0X,02-02,0X-02-02,2,2,0,4,4,8
1265,0X-02-03,235,B7-PCK,PICKING,True,,,0X,02-03,0X-02-03,3,2,0,5,3,8
1269,0X-03-01,235,B7-PCK,PICKING,True,,,0X,03-01,0X-03-01,1,3,0,4,4,8
1273,0X-03-02,235,B7-PCK,PICKING,True,,,0X,03-02,0X-03-02,2,3,0,5,3,8
1277,0X-03-03,235,B7-PCK,PICKING,True,,,0X,03-03,0X-03-03,3,3,0,6,2,8
1281,0X-04-01,235,B7-PCK,PICKING,True,,,0X,04-01,0X-04-01,1,4,0,5,3,8
1285,0X-04-02,235,B7-PCK,PICKING,True,,,0X,04-02,0X-04-02,2,4,0,6,2,8
1289,0X-04-03,235,B7-PCK,PICKING,True,,,0X,04-03,0X-04-03,3,4,0,7,1,8
1293,0X-05-01,235,B7-PCK,PICKING,True,,,0X,05-01,0X-05-01,1,5,0,6,2,8
1299,0X-05-02,235,B7-PCK,PICKING,True,,,0X,05-02,0X-05-02,2,5,0,7,1,8
1305,0X-05-03,235,B7-PCK,PICKING,True,,,0X,05-03,0X-05-03,3,5,0,8,0,8
419,1A-01-01,235,B7-PCK,PICKING,True,,,1A,01-01,1A-01-01,0,0,0,0,8,8
423,1A-01-02,235,B7-PCK,PICKING,True,,,1A,01-02,1A-01-02,0,0,0,0,8,8
427,1A-01-03,235,B7-PCK,PICKING,True,,,1A,01-03,1A-01-03,0,0,0,0,8,8
431,1A-02-01,235,B7-PCK,PICKING,True,,,1A,02-01,1A-02-01,0,0,0,0,8,8
435,1A-02-02,235,B7-PCK,PICKING,True,,,1A,02-02,1A-02-02,0,0,0,0,8,8
439,1A-02-03,235,B7-PCK,PICKING,True,,,1A,02-03,1A-02-03,0,0,0,0,8,8
443,1B-01-01,235,B7-PCK,PICKING,True,,,1B,01-01,1B-01-01,0,0,0,0,8,8
447,1B-01-02,235,B7-PCK,PICKING,True,,,1B,01-02,1B-01-02,0,0,0,0,8,8
451,1B-01-03,235,B7-PCK,PICKING,True,,,1B,01-03,1B-01-03,0,0,0,0,8,8
455,1B-02-01,235,B7-PCK,PICKING,True,,,1B,02-01,1B-02-01,0,0,0,0,8,8
459,1B-02-02,235,B7-PCK,PICKING,True,,,1B,02-02,1B-02-02,0,0,0,0,8,8
463,1B-02-03,235,B7-PCK,PICKING,True,,,1B,02-03,1B-02-03,0,0,0,0,8,8
467,1B-03-01,235,B7-PCK,PICKING,True,,,1B,03-01,1B-03-01,0,0,0,0,8,8
471,1B-03-02,235,B7-PCK,PICKING,True,,,1B,03-02,1B-03-02,0,0,0,0,8,8
475,1B-03-03,235,B7-PCK,PICKING,True,,,1B,03-03,1B-03-03,0,0,0,0,8,8
479,1C-01-01,235,B7-PCK,PICKING,True,,,1C,01-01,1C-01-01,0,0,0,0,8,8
483,1C-01-02,235,B7-PCK,PICKING,True,,,1C,01-02,1C-01-02,0,0,0,0,8,8
487,1C-01-03,235,B7-PCK,PICKING,True,,,1C,01-03,1C-01-03,0,0,0,0,8,8
681,1C-02-01,235,B7-PCK,PICKING,True,,,1C,02-01,1C-02-01,0,0,0,0,8,8
685,1C-02-02,235,B7-PCK,PICKING,True,,,1C,02-02,1C-02-02,0,0,0,0,8,8
689,1C-02-03,235,B7-PCK,PICKING,True,,,1C,02-03,1C-02-03,0,0,0,0,8,8
693,1D-01-01,235,B7-PCK,PICKING,True,,,1D,01-01,1D-01-01,0,0,0,0,8,8
697,1D-01-02,235,B7-PCK,PICKING,True,,,1D,01-02,1D-01-02,0,0,0,0,8,8
701,1D-01-03,235,B7-PCK,PICKING,True,,,1D,01-03,1D-01-03,0,0,0,0,8,8
705,1D-02-01,235,B7-PCK,PICKING,True,,,1D,02-01,1D-02-01,0,0,0,0,8,8
709,1D-02-02,235,B7-PCK,PICKING,True,,,1D,02-02,1D-02-02,0,0,0,0,8,8
713,1D-02-03,235,B7-PCK,PICKING,True,,,1D,02-03,1D-02-03,0,0,0,0,8,8
717,1D-03-01,235,B7-PCK,PICKING,True,,,1D,03-01,1D-03-01,0,0,0,0,8,8
721,1D-03-02,235,B7-PCK,PICKING,True,,,1D,03-02,1D-03-02,0,0,0,0,8,8
725,1D-03-03,235,B7-PCK,PICKING,True,,,1D,03-03,1D-03-03,0,0,0,0,8,8
729,1E-01-01,235,B7-PCK,PICKING,True,,,1E,01-01,1E-01-01,0,0,0,0,8,8
733,1E-01-02,235,B7-PCK,PICKING,True,,,1E,01-02,1E-01-02,0,0,0,0,8,8
737,1E-01-03,235,B7-PCK,PICKING,True,,,1E,01-03,1E-01-03,0,0,0,0,8,8
741,1E-02-01,235,B7-PCK,PICKING,True,,,1E,02-01,1E-02-01,0,0,0,0,8,8
745,1E-02-02,235,B7-PCK,PICKING,True,,,1E,02-02,1E-02-02,0,0,0,0,8,8
749,1E-02-03,235,B7-PCK,PICKING,True,,,1E,02-03,1E-02-03,0,0,0,0,8,8
753,1F-01-01,235,B7-PCK,PICKING,True,,,1F,01-01,1F-01-01,0,0,0,0,8,8
757,1F-01-02,235,B7-PCK,PICKING,True,,,1F,01-02,1F-01-02,0,0,0,0,8,8
761,1F-01-03,235,B7-PCK,PICKING,True,,,1F,01-03,1F-01-03,0,0,0,0,8,8
765,1F-02-01,235,B7-PCK,PICKING,True,,,1F,02-01,1F-02-01,0,0,0,0,8,8
769,1F-02-02,235,B7-PCK,PICKING,True,,,1F,02-02,1F-02-02,0,0,0,0,8,8
773,1F-02-03,235,B7-PCK,PICKING,True,,,1F,02-03,1F-02-03,0,0,0,0,8,8
777,1F-03-01,235,B7-PCK,PICKING,True,,,1F,03-01,1F-03-01,0,0,0,0,8,8
781,1F-03-02,235,B7-PCK,PICKING,True,,,1F,03-02,1F-03-02,0,0,0,0,8,8
785,1F-03-03,235,B7-PCK,PICKING,True,,,1F,03-03,1F-03-03,0,0,0,0,8,8
789,1G-01-01,235,B7-PCK,PICKING,True,,,1G,01-01,1G-01-01,0,0,0,0,8,8
793,1G-01-02,235,B7-PCK,PICKING,True,,,1G,01-02,1G-01-02,0,0,0,0,8,8
797,1G-01-03,235,B7-PCK,PICKING,True,,,1G,01-03,1G-01-03,0,0,0,0,8,8
801,1G-02-01,235,B7-PCK,PICKING,True,,,1G,02-01,1G-02-01,0,0,0,0,8,8
805,1G-02-02,235,B7-PCK,PICKING,True,,,1G,02-02,1G-02-02,0,0,0,0,8,8
809,1G-02-03,235,B7-PCK,PICKING,True,,,1G,02-03,1G-02-03,0,0,0,0,8,8
813,1H-01-01,235,B7-PCK,PICKING,True,,,1H,01-01,1H-01-01,0,0,0,0,8,8
817,1H-01-02,235,B7-PCK,PICKING,True,,,1H,01-02,1H-01-02,0,0,0,0,8,8
821,1H-01-03,235,B7-PCK,PICKING,True,,,1H,01-03,1H-01-03,0,0,0,0,8,8
825,1H-02-01,235,B7-PCK,PICKING,True,,,1H,02-01,1H-02-01,0,0,0,0,8,8
829,1H-02-02,235,B7-PCK,PICKING,True,,,1H,02-02,1H-02-02,0,0,0,0,8,8
833,1H-02-03,235,B7-PCK,PICKING,True,,,1H,02-03,1H-02-03,0,0,0,0,8,8
837,1H-03-01,235,B7-PCK,PICKING,True,,,1H,03-01,1H-03-01,0,0,0,0,8,8
841,1H-03-02,235,B7-PCK,PICKING,True,,,1H,03-02,1H-03-02,0,0,0,0,8,8
845,1H-03-03,235,B7-PCK,PICKING,True,,,1H,03-03,1H-03-03,0,0,0,0,8,8
849,1I-01-01,235,B7-PCK,PICKING,True,,,1I,01-01,1I-01-01,0,0,0,0,8,8
853,1I-01-02,235,B7-PCK,PICKING,True,,,1I,01-02,1I-01-02,0,0,0,0,8,8
857,1I-01-03,235,B7-PCK,PICKING,True,,,1I,01-03,1I-01-03,0,0,0,0,8,8
861,1I-02-01,235,B7-PCK,PICKING,True,,,1I,02-01,1I-02-01,0,0,0,0,8,8
895,1I-02-02,235,B7-PCK,PICKING,True,,,1I,02-02,1I-02-02,0,0,0,0,8,8
899,1I-02-03,235,B7-PCK,PICKING,True,,,1I,02-03,1I-02-03,0,0,0,0,8,8
903,1K-01-01,235,B7-PCK,PICKING,True,,,1K,01-01,1K-01-01,0,0,0,0,8,8
907,1K-01-02,235,B7-PCK,PICKING,True,,,1K,01-02,1K-01-02,0,0,0,0,8,8
911,1K-01-03,235,B7-PCK,PICKING,True,,,1K,01-03,1K-01-03,0,0,0,0,8,8
915,1K-02-01,235,B7-PCK,PICKING,True,,,1K,02-01,1K-02-01,0,0,0,0,8,8
919,1K-02-02,235,B7-PCK,PICKING,True,,,1K,02-02,1K-02-02,0,0,0,0,8,8
923,1K-02-03,235,B7-PCK,PICKING,True,,,1K,02-03,1K-02-03,0,0,0,0,8,8
927,1K-03-01,235,B7-PCK,PICKING,True,,,1K,03-01,1K-03-01,0,0,0,0,8,8
931,1K-03-02,235,B7-PCK,PICKING,True,,,1K,03-02,1K-03-02,0,0,0,0,8,8
935,1K-03-03,235,B7-PCK,PICKING,True,,,1K,03-03,1K-03-03,0,0,0,0,8,8
975,1M-01-01,235,B7-PCK,PICKING,True,,,1M,01-01,1M-01-01,0,0,0,0,8,8
979,1M-01-02,235,B7-PCK,PICKING,True,,,1M,01-02,1M-01-02,0,0,0,0,8,8
983,1M-01-03,235,B7-PCK,PICKING,True,,,1M,01-03,1M-01-03,0,0,0,0,8,8
987,1M-02-01,235,B7-PCK,PICKING,True,,,1M,02-01,1M-02-01,0,0,0,0,8,8
991,1M-02-02,235,B7-PCK,PICKING,True,,,1M,02-02,1M-02-02,0,0,0,0,8,8
995,1M-02-03,235,B7-PCK,PICKING,True,,,1M,02-03,1M-02-03,0,0,0,0,8,8
939,1N-01-01,235,B7-PCK,PICKING,True,,,1N,01-01,1N-01-01,0,1,3,4,10,14
943,1N-01-02,235,B7-PCK,PICKING,True,,,1N,01-02,1N-01-02,0,2,3,5,9,14
947,1N-01-03,235,B7-PCK,PICKING,True,,,1N,01-03,1N-01-03,0,3,3,6,8,14
951,1N-02-01,235,B7-PCK,PICKING,True,,,1N,02-01,1N-02-01,0,1,3,4,10,14
955,1N-02-02,235,B7-PCK,PICKING,True,,,1N,02-02,1N-02-02,0,2,3,5,9,14
959,1N-02-03,235,B7-PCK,PICKING,True,,,1N,02-03,1N-02-03,0,3,3,6,8,14
963,1N-03-01,235,B7-PCK,PICKING,True,,,1N,03-01,1N-03-01,0,1,3,4,10,14
967,1N-03-02,235,B7-PCK,PICKING,True,,,1N,03-02,1N-03-02,0,2,3,5,9,14
971,1N-03-03,235,B7-PCK,PICKING,True,,,1N,03-03,1N-03-03,0,3,3,6,8,14
999,1P-01-01,235,B7-PCK,PICKING,True,,,1P,01-01,1P-01-01,0,0,0,0,8,8
1003,1P-01-02,235,B7-PCK,PICKING,True,,,1P,01-02,1P-01-02,0,0,0,0,8,8
1007,1P-01-03,235,B7-PCK,PICKING,True,,,1P,01-03,1P-01-03,0,0,0,0,8,8
1011,1P-02-01,235,B7-PCK,PICKING,True,,,1P,02-01,1P-02-01,0,0,0,0,8,8
1015,1P-02-02,235,B7-PCK,PICKING,True,,,1P,02-02,1P-02-02,0,0,0,0,8,8
1019,1P-02-03,235,B7-PCK,PICKING,True,,,1P,02-03,1P-02-03,0,0,0,0,8,8
1023,1Q-01-01,235,B7-PCK,PICKING,True,,,1Q,01-01,1Q-01-01,0,0,0,0,8,8
1027,1Q-01-02,235,B7-PCK,PICKING,True,,,1Q,01-02,1Q-01-02,0,0,0,0,8,8
1031,1Q-01-03,235,B7-PCK,PICKING,True,,,1Q,01-03,1Q-01-03,0,0,0,0,8,8
1035,1Q-02-01,235,B7-PCK,PICKING,True,,,1Q,02-01,1Q-02-01,0,0,0,0,8,8
1039,1Q-02-02,235,B7-PCK,PICKING,True,,,1Q,02-02,1Q-02-02,0,0,0,0,8,8
1043,1Q-02-03,235,B7-PCK,PICKING,True,,,1Q,02-03,1Q-02-03,0,0,0,0,8,8
1047,1Q-03-01,235,B7-PCK,PICKING,True,,,1Q,03-01,1Q-03-01,0,0,0,0,8,8
1051,1Q-03-02,235,B7-PCK,PICKING,True,,,1Q,03-02,1Q-03-02,0,0,0,0,8,8
1055,1Q-03-03,235,B7-PCK,PICKING,True,,,1Q,03-03,1Q-03-03,0,0,0,0,8,8
1059,1R-01-01,235,B7-PCK,PICKING,True,,,1R,01-01,1R-01-01,0,0,0,0,8,8
1063,1R-01-02,235,B7-PCK,PICKING,True,,,1R,01-02,1R-01-02,0,0,0,0,8,8
1067,1R-01-03,235,B7-PCK,PICKING,True,,,1R,01-03,1R-01-03,0,0,0,0,8,8
1071,1R-02-01,235,B7-PCK,PICKING,True,,,1R,02-01,1R-02-01,0,0,0,0,8,8
1075,1R-02-02,235,B7-PCK,PICKING,True,,,1R,02-02,1R-02-02,0,0,0,0,8,8
1079,1R-02-03,235,B7-PCK,PICKING,True,,,1R,02-03,1R-02-03,0,0,0,0,8,8
1083,1S-01-01,235,B7-PCK,PICKING,True,,,1S,01-01,1S-01-01,0,0,0,0,8,8
1087,1S-01-02,235,B7-PCK,PICKING,True,,,1S,01-02,1S-01-02,0,0,0,0,8,8
1099,1S-01-03,235,B7-PCK,PICKING,True,,,1S,01-03,1S-01-03,0,0,0,0,8,8
1103,1S-02-01,235,B7-PCK,PICKING,True,,,1S,02-01,1S-02-01,0,0,0,0,8,8
1106,1S-02-02,235,B7-PCK,PICKING,True,,,1S,02-02,1S-02-02,0,0,0,0,8,8
1110,1S-02-03,235,B7-PCK,PICKING,True,,,1S,02-03,1S-02-03,0,0,0,0,8,8
1114,1S-03-01,235,B7-PCK,PICKING,True,,,1S,03-01,1S-03-01,0,0,0,0,8,8
1118,1S-03-02,235,B7-PCK,PICKING,True,,,1S,03-02,1S-03-02,0,0,0,0,8,8
1122,1S-03-03,235,B7-PCK,PICKING,True,,,1S,03-03,1S-03-03,0,0,0,0,8,8
1126,1T-01-01,235,B7-PCK,PICKING,True,,,1T,01-01,1T-01-01,0,0,0,0,8,8
1130,1T-01-02,235,B7-PCK,PICKING,True,,,1T,01-02,1T-01-02,0,0,0,0,8,8
1134,1T-01-03,235,B7-PCK,PICKING,True,,,1T,01-03,1T-01-03,0,0,0,0,8,8
1138,1T-02-01,235,B7-PCK,PICKING,True,,,1T,02-01,1T-02-01,0,0,0,0,8,8
1142,1T-02-02,235,B7-PCK,PICKING,True,,,1T,02-02,1T-02-02,0,0,0,0,8,8
1146,1T-02-03,235,B7-PCK,PICKING,True,,,1T,02-03,1T-02-03,0,0,0,0,8,8
1150,1V-01-01,235,B7-PCK,PICKING,True,,,1V,01-01,1V-01-01,0,0,0,0,8,8
1154,1V-01-02,235,B7-PCK,PICKING,True,,,1V,01-02,1V-01-02,0,0,0,0,8,8
1158,1V-01-03,235,B7-PCK,PICKING,True,,,1V,01-03,1V-01-03,0,0,0,0,8,8
1162,1V-02-01,235,B7-PCK,PICKING,True,,,1V,02-01,1V-02-01,0,0,0,0,8,8
1166,1V-02-02,235,B7-PCK,PICKING,True,,,1V,02-02,1V-02-02,0,0,0,0,8,8
1170,1V-02-03,235,B7-PCK,PICKING,True,,,1V,02-03,1V-02-03,0,0,0,0,8,8
1174,1V-03-01,235,B7-PCK,PICKING,True,,,1V,03-01,1V-03-01,0,0,0,0,8,8
1178,1V-03-02,235,B7-PCK,PICKING,True,,,1V,03-02,1V-03-02,0,0,0,0,8,8
1182,1V-03-03,235,B7-PCK,PICKING,True,,,1V,03-03,1V-03-03,0,0,0,0,8,8
1186,1W-01-01,235,B7-PCK,PICKING,True,,,1W,01-01,1W-01-01,0,0,0,0,8,8
1190,1W-01-02,235,B7-PCK,PICKING,True,,,1W,01-02,1W-01-02,0,0,0,0,8,8
1194,1W-01-03,235,B7-PCK,PICKING,True,,,1W,01-03,1W-01-03,0,0,0,0,8,8
1198,1W-02-01,235,B7-PCK,PICKING,True,,,1W,02-01,1W-02-01,0,0,0,0,8,8
1202,1W-02-02,235,B7-PCK,PICKING,True,,,1W,02-02,1W-02-02,0,0,0,0,8,8
1206,1W-02-03,235,B7-PCK,PICKING,True,,,1W,02-03,1W-02-03,0,0,0,0,8,8
1210,1W-03-01,235,B7-PCK,PICKING,True,,,1W,03-01,1W-03-01,0,0,0,0,8,8
1214,1W-03-02,235,B7-PCK,PICKING,True,,,1W,03-02,1W-03-02,0,0,0,0,8,8
1218,1W-03-03,235,B7-PCK,PICKING,True,,,1W,03-03,1W-03-03,0,0,0,0,8,8
1222,1W-04-01,235,B7-PCK,PICKING,True,,,1W,04-01,1W-04-01,0,0,0,0,8,8
1226,1W-04-02,235,B7-PCK,PICKING,True,,,1W,04-02,1W-04-02,0,0,0,0,8,8
1230,1W-04-03,235,B7-PCK,PICKING,True,,,1W,04-03,1W-04-03,0,0,0,0,8,8
1234,1W-05-01,235,B7-PCK,PICKING,True,,,1W,05-01,1W-05-01,0,0,0,0,8,8
1238,1W-05-02,235,B7-PCK,PICKING,True,,,1W,05-02,1W-05-02,0,0,0,0,8,8
1242,1W-05-03,235,B7-PCK,PICKING,True,,,1W,05-03,1W-05-03,0,0,0,0,8,8
1246,1X-01-01,235,B7-PCK,PICKING,True,,,1X,01-01,1X-01-01,0,0,0,0,8,8
1250,1X-01-02,235,B7-PCK,PICKING,True,,,1X,01-02,1X-01-02,0,0,0,0,8,8
1254,1X-01-03,235,B7-PCK,PICKING,True,,,1X,01-03,1X-01-03,0,0,0,0,8,8
1258,1X-02-01,235,B7-PCK,PICKING,True,,,1X,02-01,1X-02-01,0,0,0,0,8,8
1262,1X-02-02,235,B7-PCK,PICKING,True,,,1X,02-02,1X-02-02,0,0,0,0,8,8
1266,1X-02-03,235,B7-PCK,PICKING,True,,,1X,02-03,1X-02-03,0,0,0,0,8,8
1270,1X-03-01,235,B7-PCK,PICKING,True,,,1X,03-01,1X-03-01,0,0,0,0,8,8
1274,1X-03-02,235,B7-PCK,PICKING,True,,,1X,03-02,1X-03-02,0,0,0,0,8,8
1278,1X-03-03,235,B7-PCK,PICKING,True,,,1X,03-03,1X-03-03,0,0,0,0,8,8
1282,1X-04-01,235,B7-PCK,PICKING,True,,,1X,04-01,1X-04-01,0,0,0,0,8,8
1286,1X-04-02,235,B7-PCK,PICKING,True,,,1X,04-02,1X-04-02,0,0,0,0,8,8
1290,1X-04-03,235,B7-PCK,PICKING,True,,,1X,04-03,1X-04-03,0,0,0,0,8,8
1294,1X-05-01,235,B7-PCK,PICKING,True,,,1X,05-01,1X-05-01,0,0,0,0,8,8
1302,1X-05-02,235,B7-PCK,PICKING,True,,,1X,05-02,1X-05-02,0,0,0,0,8,8
1306,1X-05-03,235,B7-PCK,PICKING,True,,,1X,05-03,1X-05-03,0,0,0,0,8,8
420,2A-01-01,235,B7-PCK,PICKING,True,,,2A,01-01,2A-01-01,0,0,0,0,8,8
424,2A-01-02,235,B7-PCK,PICKING,True,,,2A,01-02,2A-01-02,0,0,0,0,8,8
428,2A-01-03,235,B7-PCK,PICKING,True,,,2A,01-03,2A-01-03,0,0,0,0,8,8
432,2A-02-01,235,B7-PCK,PICKING,True,,,2A,02-01,2A-02-01,0,0,0,0,8,8
436,2A-02-02,235,B7-PCK,PICKING,True,,,2A,02-02,2A-02-02,0,0,0,0,8,8
440,2A-02-03,235,B7-PCK,PICKING,True,,,2A,02-03,2A-02-03,0,0,0,0,8,8
444,2B-01-01,235,B7-PCK,PICKING,True,,,2B,01-01,2B-01-01,0,0,0,0,8,8
448,2B-01-02,235,B7-PCK,PICKING,True,,,2B,01-02,2B-01-02,0,0,0,0,8,8
452,2B-01-03,235,B7-PCK,PICKING,True,,,2B,01-03,2B-01-03,0,0,0,0,8,8
456,2B-02-01,235,B7-PCK,PICKING,True,,,2B,02-01,2B-02-01,0,0,0,0,8,8
460,2B-02-02,235,B7-PCK,PICKING,True,,,2B,02-02,2B-02-02,0,0,0,0,8,8
464,2B-02-03,235,B7-PCK,PICKING,True,,,2B,02-03,2B-02-03,0,0,0,0,8,8
468,2B-03-01,235,B7-PCK,PICKING,True,,,2B,03-01,2B-03-01,0,0,0,0,8,8
472,2B-03-02,235,B7-PCK,PICKING,True,,,2B,03-02,2B-03-02,0,0,0,0,8,8
476,2B-03-03,235,B7-PCK,PICKING,True,,,2B,03-03,2B-03-03,0,0,0,0,8,8
480,2C-01-01,235,B7-PCK,PICKING,True,,,2C,01-01,2C-01-01,0,0,0,0,8,8
484,2C-01-02,235,B7-PCK,PICKING,True,,,2C,01-02,2C-01-02,0,0,0,0,8,8
678,2C-01-03,235,B7-PCK,PICKING,True,,,2C,01-03,2C-01-03,0,0,0,0,8,8
682,2C-02-01,235,B7-PCK,PICKING,True,,,2C,02-01,2C-02-01,0,0,0,0,8,8
686,2C-02-02,235,B7-PCK,PICKING,True,,,2C,02-02,2C-02-02,0,0,0,0,8,8
690,2C-02-03,235,B7-PCK,PICKING,True,,,2C,02-03,2C-02-03,0,0,0,0,8,8
694,2D-01-01,235,B7-PCK,PICKING,True,,,2D,01-01,2D-01-01,0,0,0,0,8,8
698,2D-01-02,235,B7-PCK,PICKING,True,,,2D,01-02,2D-01-02,0,0,0,0,8,8
702,2D-01-03,235,B7-PCK,PICKING,True,,,2D,01-03,2D-01-03,0,0,0,0,8,8
706,2D-02-01,235,B7-PCK,PICKING,True,,,2D,02-01,2D-02-01,0,0,0,0,8,8
710,2D-02-02,235,B7-PCK,PICKING,True,,,2D,02-02,2D-02-02,0,0,0,0,8,8
714,2D-02-03,235,B7-PCK,PICKING,True,,,2D,02-03,2D-02-03,0,0,0,0,8,8
718,2D-03-01,235,B7-PCK,PICKING,True,,,2D,03-01,2D-03-01,0,0,0,0,8,8
722,2D-03-02,235,B7-PCK,PICKING,True,,,2D,03-02,2D-03-02,0,0,0,0,8,8
726,2D-03-03,235,B7-PCK,PICKING,True,,,2D,03-03,2D-03-03,0,0,0,0,8,8
730,2E-01-01,235,B7-PCK,PICKING,True,,,2E,01-01,2E-01-01,0,0,0,0,8,8
734,2E-01-02,235,B7-PCK,PICKING,True,,,2E,01-02,2E-01-02,0,0,0,0,8,8
738,2E-01-03,235,B7-PCK,PICKING,True,,,2E,01-03,2E-01-03,0,0,0,0,8,8
742,2E-02-01,235,B7-PCK,PICKING,True,,,2E,02-01,2E-02-01,0,0,0,0,8,8
746,2E-02-02,235,B7-PCK,PICKING,True,,,2E,02-02,2E-02-02,0,0,0,0,8,8
750,2E-02-03,235,B7-PCK,PICKING,True,,,2E,02-03,2E-02-03,0,0,0,0,8,8
754,2F-01-01,235,B7-PCK,PICKING,True,,,2F,01-01,2F-01-01,0,0,0,0,8,8
758,2F-01-02,235,B7-PCK,PICKING,True,,,2F,01-02,2F-01-02,0,0,0,0,8,8
762,2F-01-03,235,B7-PCK,PICKING,True,,,2F,01-03,2F-01-03,0,0,0,0,8,8
766,2F-02-01,235,B7-PCK,PICKING,True,,,2F,02-01,2F-02-01,0,0,0,0,8,8
770,2F-02-02,235,B7-PCK,PICKING,True,,,2F,02-02,2F-02-02,0,0,0,0,8,8
774,2F-02-03,235,B7-PCK,PICKING,True,,,2F,02-03,2F-02-03,0,0,0,0,8,8
778,2F-03-01,235,B7-PCK,PICKING,True,,,2F,03-01,2F-03-01,0,0,0,0,8,8
782,2F-03-02,235,B7-PCK,PICKING,True,,,2F,03-02,2F-03-02,0,0,0,0,8,8
786,2F-03-03,235,B7-PCK,PICKING,True,,,2F,03-03,2F-03-03,0,0,0,0,8,8
790,2G-01-01,235,B7-PCK,PICKING,True,,,2G,01-01,2G-01-01,0,0,0,0,8,8
794,2G-01-02,235,B7-PCK,PICKING,True,,,2G,01-02,2G-01-02,0,0,0,0,8,8
798,2G-01-03,235,B7-PCK,PICKING,True,,,2G,01-03,2G-01-03,0,0,0,0,8,8
802,2G-02-01,235,B7-PCK,PICKING,True,,,2G,02-01,2G-02-01,0,0,0,0,8,8
806,2G-02-02,235,B7-PCK,PICKING,True,,,2G,02-02,2G-02-02,0,0,0,0,8,8
810,2G-02-03,235,B7-PCK,PICKING,True,,,2G,02-03,2G-02-03,0,0,0,0,8,8
814,2H-01-01,235,B7-PCK,PICKING,True,,,2H,01-01,2H-01-01,0,0,0,0,8,8
818,2H-01-02,235,B7-PCK,PICKING,True,,,2H,01-02,2H-01-02,0,0,0,0,8,8
822,2H-01-03,235,B7-PCK,PICKING,True,,,2H,01-03,2H-01-03,0,0,0,0,8,8
826,2H-02-01,235,B7-PCK,PICKING,True,,,2H,02-01,2H-02-01,0,0,0,0,8,8
830,2H-02-02,235,B7-PCK,PICKING,True,,,2H,02-02,2H-02-02,0,0,0,0,8,8
834,2H-02-03,235,B7-PCK,PICKING,True,,,2H,02-03,2H-02-03,0,0,0,0,8,8
838,2H-03-01,235,B7-PCK,PICKING,True,,,2H,03-01,2H-03-01,0,0,0,0,8,8
842,2H-03-02,235,B7-PCK,PICKING,True,,,2H,03-02,2H-03-02,0,0,0,0,8,8
846,2H-03-03,235,B7-PCK,PICKING,True,,,2H,03-03,2H-03-03,0,0,0,0,8,8
850,2I-01-01,235,B7-PCK,PICKING,True,,,2I,01-01,2I-01-01,0,0,0,0,8,8
854,2I-01-02,235,B7-PCK,PICKING,True,,,2I,01-02,2I-01-02,0,0,0,0,8,8
858,2I-01-03,235,B7-PCK,PICKING,True,,,2I,01-03,2I-01-03,0,0,0,0,8,8
862,2I-02-01,235,B7-PCK,PICKING,True,,,2I,02-01,2I-02-01,0,0,0,0,8,8
896,2I-02-02,235,B7-PCK,PICKING,True,,,2I,02-02,2I-02-02,0,0,0,0,8,8
900,2I-02-03,235,B7-PCK,PICKING,True,,,2I,02-03,2I-02-03,0,0,0,0,8,8
904,2K-01-01,235,B7-PCK,PICKING,True,,,2K,01-01,2K-01-01,0,0,0,0,8,8
908,2K-01-02,235,B7-PCK,PICKING,True,,,2K,01-02,2K-01-02,0,0,0,0,8,8
912,2K-01-03,235,B7-PCK,PICKING,True,,,2K,01-03,2K-01-03,0,0,0,0,8,8
916,2K-02-01,235,B7-PCK,PICKING,True,,,2K,02-01,2K-02-01,0,0,0,0,8,8
920,2K-02-02,235,B7-PCK,PICKING,True,,,2K,02-02,2K-02-02,0,0,0,0,8,8
924,2K-02-03,235,B7-PCK,PICKING,True,,,2K,02-03,2K-02-03,0,0,0,0,8,8
928,2K-03-01,235,B7-PCK,PICKING,True,,,2K,03-01,2K-03-01,0,0,0,0,8,8
932,2K-03-02,235,B7-PCK,PICKING,True,,,2K,03-02,2K-03-02,0,0,0,0,8,8
936,2K-03-03,235,B7-PCK,PICKING,True,,,2K,03-03,2K-03-03,0,0,0,0,8,8
976,2M-01-01,235,B7-PCK,PICKING,True,,,2M,01-01,2M-01-01,0,0,0,0,8,8
980,2M-01-02,235,B7-PCK,PICKING,True,,,2M,01-02,2M-01-02,0,0,0,0,8,8
984,2M-01-03,235,B7-PCK,PICKING,True,,,2M,01-03,2M-01-03,0,0,0,0,8,8
988,2M-02-01,235,B7-PCK,PICKING,True,,,2M,02-01,2M-02-01,0,0,0,0,8,8
992,2M-02-02,235,B7-PCK,PICKING,True,,,2M,02-02,2M-02-02,0,0,0,0,8,8
996,2M-02-03,235,B7-PCK,PICKING,True,,,2M,02-03,2M-02-03,0,0,0,0,8,8
940,2N-01-01,235,B7-PCK,PICKING,True,,,2N,01-01,2N-01-01,0,1,6,7,13,20
944,2N-01-02,235,B7-PCK,PICKING,True,,,2N,01-02,2N-01-02,0,2,6,8,12,20
948,2N-01-03,235,B7-PCK,PICKING,True,,,2N,01-03,2N-01-03,0,3,6,9,11,20
952,2N-02-01,235,B7-PCK,PICKING,True,,,2N,02-01,2N-02-01,0,1,6,7,13,20
956,2N-02-02,235,B7-PCK,PICKING,True,,,2N,02-02,2N-02-02,0,2,6,8,12,20
960,2N-02-03,235,B7-PCK,PICKING,True,,,2N,02-03,2N-02-03,0,3,6,9,11,20
964,2N-03-01,235,B7-PCK,PICKING,True,,,2N,03-01,2N-03-01,0,1,6,7,13,20
968,2N-03-02,235,B7-PCK,PICKING,True,,,2N,03-02,2N-03-02,0,2,6,8,12,20
972,2N-03-03,235,B7-PCK,PICKING,True,,,2N,03-03,2N-03-03,0,3,6,9,11,20
1000,2P-01-01,235,B7-PCK,PICKING,True,,,2P,01-01,2P-01-01,0,0,0,0,8,8
1004,2P-01-02,235,B7-PCK,PICKING,True,,,2P,01-02,2P-01-02,0,0,0,0,8,8
1008,2P-01-03,235,B7-PCK,PICKING,True,,,2P,01-03,2P-01-03,0,0,0,0,8,8
1012,2P-02-01,235,B7-PCK,PICKING,True,,,2P,02-01,2P-02-01,0,0,0,0,8,8
1016,2P-02-02,235,B7-PCK,PICKING,True,,,2P,02-02,2P-02-02,0,0,0,0,8,8
1020,2P-02-03,235,B7-PCK,PICKING,True,,,2P,02-03,2P-02-03,0,0,0,0,8,8
1024,2Q-01-01,235,B7-PCK,PICKING,True,,,2Q,01-01,2Q-01-01,0,0,0,0,8,8
1028,2Q-01-02,235,B7-PCK,PICKING,True,,,2Q,01-02,2Q-01-02,0,0,0,0,8,8
1032,2Q-01-03,235,B7-PCK,PICKING,True,,,2Q,01-03,2Q-01-03,0,0,0,0,8,8
1036,2Q-02-01,235,B7-PCK,PICKING,True,,,2Q,02-01,2Q-02-01,0,0,0,0,8,8
1040,2Q-02-02,235,B7-PCK,PICKING,True,,,2Q,02-02,2Q-02-02,0,0,0,0,8,8
1044,2Q-02-03,235,B7-PCK,PICKING,True,,,2Q,02-03,2Q-02-03,0,0,0,0,8,8
1048,2Q-03-01,235,B7-PCK,PICKING,True,,,2Q,03-01,2Q-03-01,0,0,0,0,8,8
1052,2Q-03-02,235,B7-PCK,PICKING,True,,,2Q,03-02,2Q-03-02,0,0,0,0,8,8
1056,2Q-03-03,235,B7-PCK,PICKING,True,,,2Q,03-03,2Q-03-03,0,0,0,0,8,8
1060,2R-01-01,235,B7-PCK,PICKING,True,,,2R,01-01,2R-01-01,0,0,0,0,8,8
1064,2R-01-02,235,B7-PCK,PICKING,True,,,2R,01-02,2R-01-02,0,0,0,0,8,8
1068,2R-01-03,235,B7-PCK,PICKING,True,,,2R,01-03,2R-01-03,0,0,0,0,8,8
1072,2R-02-01,235,B7-PCK,PICKING,True,,,2R,02-01,2R-02-01,0,0,0,0,8,8
1076,2R-02-02,235,B7-PCK,PICKING,True,,,2R,02-02,2R-02-02,0,0,0,0,8,8
1080,2R-02-03,235,B7-PCK,PICKING,True,,,2R,02-03,2R-02-03,0,0,0,0,8,8
1084,2S-01-01,235,B7-PCK,PICKING,True,,,2S,01-01,2S-01-01,0,0,0,0,8,8
1088,2S-01-02,235,B7-PCK,PICKING,True,,,2S,01-02,2S-01-02,0,0,0,0,8,8
1100,2S-01-03,235,B7-PCK,PICKING,True,,,2S,01-03,2S-01-03,0,0,0,0,8,8
1104,2S-02-01,235,B7-PCK,PICKING,True,,,2S,02-01,2S-02-01,0,0,0,0,8,8
1107,2S-02-02,235,B7-PCK,PICKING,True,,,2S,02-02,2S-02-02,0,0,0,0,8,8
1111,2S-02-03,235,B7-PCK,PICKING,True,,,2S,02-03,2S-02-03,0,0,0,0,8,8
1115,2S-03-01,235,B7-PCK,PICKING,True,,,2S,03-01,2S-03-01,0,0,0,0,8,8
1119,2S-03-02,235,B7-PCK,PICKING,True,,,2S,03-02,2S-03-02,0,0,0,0,8,8
1123,2S-03-03,235,B7-PCK,PICKING,True,,,2S,03-03,2S-03-03,0,0,0,0,8,8
1127,2T-01-01,235,B7-PCK,PICKING,True,,,2T,01-01,2T-01-01,0,0,0,0,8,8
1131,2T-01-02,235,B7-PCK,PICKING,True,,,2T,01-02,2T-01-02,0,0,0,0,8,8
1135,2T-01-03,235,B7-PCK,PICKING,True,,,2T,01-03,2T-01-03,0,0,0,0,8,8
1139,2T-02-01,235,B7-PCK,PICKING,True,,,2T,02-01,2T-02-01,0,0,0,0,8,8
1143,2T-02-02,235,B7-PCK,PICKING,True,,,2T,02-02,2T-02-02,0,0,0,0,8,8
1147,2T-02-03,235,B7-PCK,PICKING,True,,,2T,02-03,2T-02-03,0,0,0,0,8,8
1151,2V-01-01,235,B7-PCK,PICKING,True,,,2V,01-01,2V-01-01,0,0,0,0,8,8
1155,2V-01-02,235,B7-PCK,PICKING,True,,,2V,01-02,2V-01-02,0,0,0,0,8,8
1159,2V-01-03,235,B7-PCK,PICKING,True,,,2V,01-03,2V-01-03,0,0,0,0,8,8
1163,2V-02-01,235,B7-PCK,PICKING,True,,,2V,02-01,2V-02-01,0,0,0,0,8,8
1167,2V-02-02,235,B7-PCK,PICKING,True,,,2V,02-02,2V-02-02,0,0,0,0,8,8
1171,2V-02-03,235,B7-PCK,PICKING,True,,,2V,02-03,2V-02-03,0,0,0,0,8,8
1175,2V-03-01,235,B7-PCK,PICKING,True,,,2V,03-01,2V-03-01,0,0,0,0,8,8
1179,2V-03-02,235,B7-PCK,PICKING,True,,,2V,03-02,2V-03-02,0,0,0,0,8,8
1183,2V-03-03,235,B7-PCK,PICKING,True,,,2V,03-03,2V-03-03,0,0,0,0,8,8
1187,2W-01-01,235,B7-PCK,PICKING,True,,,2W,01-01,2W-01-01,0,0,0,0,8,8
1191,2W-01-02,235,B7-PCK,PICKING,True,,,2W,01-02,2W-01-02,0,0,0,0,8,8
1195,2W-01-03,235,B7-PCK,PICKING,True,,,2W,01-03,2W-01-03,0,0,0,0,8,8
1199,2W-02-01,235,B7-PCK,PICKING,True,,,2W,02-01,2W-02-01,0,0,0,0,8,8
1203,2W-02-02,235,B7-PCK,PICKING,True,,,2W,02-02,2W-02-02,0,0,0,0,8,8
1207,2W-02-03,235,B7-PCK,PICKING,True,,,2W,02-03,2W-02-03,0,0,0,0,8,8
1211,2W-03-01,235,B7-PCK,PICKING,True,,,2W,03-01,2W-03-01,0,0,0,0,8,8
1215,2W-03-02,235,B7-PCK,PICKING,True,,,2W,03-02,2W-03-02,0,0,0,0,8,8
1219,2W-03-03,235,B7-PCK,PICKING,True,,,2W,03-03,2W-03-03,0,0,0,0,8,8
1223,2W-04-01,235,B7-PCK,PICKING,True,,,2W,04-01,2W-04-01,0,0,0,0,8,8
1227,2W-04-02,235,B7-PCK,PICKING,True,,,2W,04-02,2W-04-02,0,0,0,0,8,8
1231,2W-04-03,235,B7-PCK,PICKING,True,,,2W,04-03,2W-04-03,0,0,0,0,8,8
1235,2W-05-01,235,B7-PCK,PICKING,True,,,2W,05-01,2W-05-01,0,0,0,0,8,8
1239,2W-05-02,235,B7-PCK,PICKING,True,,,2W,05-02,2W-05-02,0,0,0,0,8,8
1243,2W-05-03,235,B7-PCK,PICKING,True,,,2W,05-03,2W-05-03,0,0,0,0,8,8
1247,2X-01-01,235,B7-PCK,PICKING,True,,,2X,01-01,2X-01-01,0,0,0,0,8,8
1251,2X-01-02,235,B7-PCK,PICKING,True,,,2X,01-02,2X-01-02,0,0,0,0,8,8
1255,2X-01-03,235,B7-PCK,PICKING,True,,,2X,01-03,2X-01-03,0,0,0,0,8,8
1259,2X-02-01,235,B7-PCK,PICKING,True,,,2X,02-01,2X-02-01,0,0,0,0,8,8
1263,2X-02-02,235,B7-PCK,PICKING,True,,,2X,02-02,2X-02-02,0,0,0,0,8,8
1267,2X-02-03,235,B7-PCK,PICKING,True,,,2X,02-03,2X-02-03,0,0,0,0,8,8
1271,2X-03-01,235,B7-PCK,PICKING,True,,,2X,03-01,2X-03-01,0,0,0,0,8,8
1275,2X-03-02,235,B7-PCK,PICKING,True,,,2X,03-02,2X-03-02,0,0,0,0,8,8
1279,2X-03-03,235,B7-PCK,PICKING,True,,,2X,03-03,2X-03-03,0,0,0,0,8,8
1283,2X-04-01,235,B7-PCK,PICKING,True,,,2X,04-01,2X-04-01,0,0,0,0,8,8
1287,2X-04-02,235,B7-PCK,PICKING,True,,,2X,04-02,2X-04-02,0,0,0,0,8,8
1291,2X-04-03,235,B7-PCK,PICKING,True,,,2X,04-03,2X-04-03,0,0,0,0,8,8
1295,2X-05-01,235,B7-PCK,PICKING,True,,,2X,05-01,2X-05-01,0,0,0,0,8,8
1303,2X-05-02,235,B7-PCK,PICKING,True,,,2X,05-02,2X-05-02,0,0,0,0,8,8
1307,2X-05-03,235,B7-PCK,PICKING,True,,,2X,05-03,2X-05-03,0,0,0,0,8,8
421,3A-01-01,235,B7-PCK,PICKING,True,,,3A,01-01,3A-01-01,0,0,0,0,8,8
425,3A-01-02,235,B7-PCK,PICKING,True,,,3A,01-02,3A-01-02,0,0,0,0,8,8
429,3A-01-03,235,B7-PCK,PICKING,True,,,3A,01-03,3A-01-03,0,0,0,0,8,8
433,3A-02-01,235,B7-PCK,PICKING,True,,,3A,02-01,3A-02-01,0,0,0,0,8,8
437,3A-02-02,235,B7-PCK,PICKING,True,,,3A,02-02,3A-02-02,0,0,0,0,8,8
441,3A-02-03,235,B7-PCK,PICKING,True,,,3A,02-03,3A-02-03,0,0,0,0,8,8
445,3B-01-01,235,B7-PCK,PICKING,True,,,3B,01-01,3B-01-01,0,0,0,0,8,8
449,3B-01-02,235,B7-PCK,PICKING,True,,,3B,01-02,3B-01-02,0,0,0,0,8,8
453,3B-01-03,235,B7-PCK,PICKING,True,,,3B,01-03,3B-01-03,0,0,0,0,8,8
457,3B-02-01,235,B7-PCK,PICKING,True,,,3B,02-01,3B-02-01,0,0,0,0,8,8
461,3B-02-02,235,B7-PCK,PICKING,True,,,3B,02-02,3B-02-02,0,0,0,0,8,8
465,3B-02-03,235,B7-PCK,PICKING,True,,,3B,02-03,3B-02-03,0,0,0,0,8,8
469,3B-03-01,235,B7-PCK,PICKING,True,,,3B,03-01,3B-03-01,0,0,0,0,8,8
473,3B-03-02,235,B7-PCK,PICKING,True,,,3B,03-02,3B-03-02,0,0,0,0,8,8
477,3B-03-03,235,B7-PCK,PICKING,True,,,3B,03-03,3B-03-03,0,0,0,0,8,8
481,3C-01-01,235,B7-PCK,PICKING,True,,,3C,01-01,3C-01-01,0,0,0,0,8,8
485,3C-01-02,235,B7-PCK,PICKING,True,,,3C,01-02,3C-01-02,0,0,0,0,8,8
679,3C-01-03,235,B7-PCK,PICKING,True,,,3C,01-03,3C-01-03,0,0,0,0,8,8
683,3C-02-01,235,B7-PCK,PICKING,True,,,3C,02-01,3C-02-01,0,0,0,0,8,8
687,3C-02-02,235,B7-PCK,PICKING,True,,,3C,02-02,3C-02-02,0,0,0,0,8,8
691,3C-02-03,235,B7-PCK,PICKING,True,,,3C,02-03,3C-02-03,0,0,0,0,8,8
695,3D-01-01,235,B7-PCK,PICKING,True,,,3D,01-01,3D-01-01,0,0,0,0,8,8
699,3D-01-02,235,B7-PCK,PICKING,True,,,3D,01-02,3D-01-02,0,0,0,0,8,8
703,3D-01-03,235,B7-PCK,PICKING,True,,,3D,01-03,3D-01-03,0,0,0,0,8,8
707,3D-02-01,235,B7-PCK,PICKING,True,,,3D,02-01,3D-02-01,0,0,0,0,8,8
711,3D-02-02,235,B7-PCK,PICKING,True,,,3D,02-02,3D-02-02,0,0,0,0,8,8
715,3D-02-03,235,B7-PCK,PICKING,True,,,3D,02-03,3D-02-03,0,0,0,0,8,8
719,3D-03-01,235,B7-PCK,PICKING,True,,,3D,03-01,3D-03-01,0,0,0,0,8,8
723,3D-03-02,235,B7-PCK,PICKING,True,,,3D,03-02,3D-03-02,0,0,0,0,8,8
727,3D-03-03,235,B7-PCK,PICKING,True,,,3D,03-03,3D-03-03,0,0,0,0,8,8
731,3E-01-01,235,B7-PCK,PICKING,True,,,3E,01-01,3E-01-01,0,0,0,0,8,8
735,3E-01-02,235,B7-PCK,PICKING,True,,,3E,01-02,3E-01-02,0,0,0,0,8,8
739,3E-01-03,235,B7-PCK,PICKING,True,,,3E,01-03,3E-01-03,0,0,0,0,8,8
743,3E-02-01,235,B7-PCK,PICKING,True,,,3E,02-01,3E-02-01,0,0,0,0,8,8
747,3E-02-02,235,B7-PCK,PICKING,True,,,3E,02-02,3E-02-02,0,0,0,0,8,8
751,3E-02-03,235,B7-PCK,PICKING,True,,,3E,02-03,3E-02-03,0,0,0,0,8,8
755,3F-01-01,235,B7-PCK,PICKING,True,,,3F,01-01,3F-01-01,0,0,0,0,8,8
759,3F-01-02,235,B7-PCK,PICKING,True,,,3F,01-02,3F-01-02,0,0,0,0,8,8
763,3F-01-03,235,B7-PCK,PICKING,True,,,3F,01-03,3F-01-03,0,0,0,0,8,8
767,3F-02-01,235,B7-PCK,PICKING,True,,,3F,02-01,3F-02-01,0,0,0,0,8,8
771,3F-02-02,235,B7-PCK,PICKING,True,,,3F,02-02,3F-02-02,0,0,0,0,8,8
775,3F-02-03,235,B7-PCK,PICKING,True,,,3F,02-03,3F-02-03,0,0,0,0,8,8
779,3F-03-01,235,B7-PCK,PICKING,True,,,3F,03-01,3F-03-01,0,0,0,0,8,8
783,3F-03-02,235,B7-PCK,PICKING,True,,,3F,03-02,3F-03-02,0,0,0,0,8,8
787,3F-03-03,235,B7-PCK,PICKING,True,,,3F,03-03,3F-03-03,0,0,0,0,8,8
791,3G-01-01,235,B7-PCK,PICKING,True,,,3G,01-01,3G-01-01,0,0,0,0,8,8
795,3G-01-02,235,B7-PCK,PICKING,True,,,3G,01-02,3G-01-02,0,0,0,0,8,8
799,3G-01-03,235,B7-PCK,PICKING,True,,,3G,01-03,3G-01-03,0,0,0,0,8,8
803,3G-02-01,235,B7-PCK,PICKING,True,,,3G,02-01,3G-02-01,0,0,0,0,8,8
807,3G-02-02,235,B7-PCK,PICKING,True,,,3G,02-02,3G-02-02,0,0,0,0,8,8
811,3G-02-03,235,B7-PCK,PICKING,True,,,3G,02-03,3G-02-03,0,0,0,0,8,8
815,3H-01-01,235,B7-PCK,PICKING,True,,,3H,01-01,3H-01-01,0,0,0,0,8,8
819,3H-01-02,235,B7-PCK,PICKING,True,,,3H,01-02,3H-01-02,0,0,0,0,8,8
823,3H-01-03,235,B7-PCK,PICKING,True,,,3H,01-03,3H-01-03,0,0,0,0,8,8
827,3H-02-01,235,B7-PCK,PICKING,True,,,3H,02-01,3H-02-01,0,0,0,0,8,8
831,3H-02-02,235,B7-PCK,PICKING,True,,,3H,02-02,3H-02-02,0,0,0,0,8,8
835,3H-02-03,235,B7-PCK,PICKING,True,,,3H,02-03,3H-02-03,0,0,0,0,8,8
839,3H-03-01,235,B7-PCK,PICKING,True,,,3H,03-01,3H-03-01,0,0,0,0,8,8
843,3H-03-02,235,B7-PCK,PICKING,True,,,3H,03-02,3H-03-02,0,0,0,0,8,8
847,3H-03-03,235,B7-PCK,PICKING,True,,,3H,03-03,3H-03-03,0,0,0,0,8,8
851,3I-01-01,235,B7-PCK,PICKING,True,,,3I,01-01,3I-01-01,0,0,0,0,8,8
855,3I-01-02,235,B7-PCK,PICKING,True,,,3I,01-02,3I-01-02,0,0,0,0,8,8
859,3I-01-03,235,B7-PCK,PICKING,True,,,3I,01-03,3I-01-03,0,0,0,0,8,8
863,3I-02-01,235,B7-PCK,PICKING,True,,,3I,02-01,3I-02-01,0,0,0,0,8,8
897,3I-02-02,235,B7-PCK,PICKING,True,,,3I,02-02,3I-02-02,0,0,0,0,8,8
901,3I-02-03,235,B7-PCK,PICKING,True,,,3I,02-03,3I-02-03,0,0,0,0,8,8
905,3K-01-01,235,B7-PCK,PICKING,True,,,3K,01-01,3K-01-01,0,0,0,0,8,8
909,3K-01-02,235,B7-PCK,PICKING,True,,,3K,01-02,3K-01-02,0,0,0,0,8,8
913,3K-01-03,235,B7-PCK,PICKING,True,,,3K,01-03,3K-01-03,0,0,0,0,8,8
917,3K-02-01,235,B7-PCK,PICKING,True,,,3K,02-01,3K-02-01,0,0,0,0,8,8
921,3K-02-02,235,B7-PCK,PICKING,True,,,3K,02-02,3K-02-02,0,0,0,0,8,8
925,3K-02-03,235,B7-PCK,PICKING,True,,,3K,02-03,3K-02-03,0,0,0,0,8,8
929,3K-03-01,235,B7-PCK,PICKING,True,,,3K,03-01,3K-03-01,0,0,0,0,8,8
933,3K-03-02,235,B7-PCK,PICKING,True,,,3K,03-02,3K-03-02,0,0,0,0,8,8
937,3K-03-03,235,B7-PCK,PICKING,True,,,3K,03-03,3K-03-03,0,0,0,0,8,8
977,3M-01-01,235,B7-PCK,PICKING,True,,,3M,01-01,3M-01-01,0,0,0,0,8,8
981,3M-01-02,235,B7-PCK,PICKING,True,,,3M,01-02,3M-01-02,0,0,0,0,8,8
985,3M-01-03,235,B7-PCK,PICKING,True,,,3M,01-03,3M-01-03,0,0,0,0,8,8
989,3M-02-01,235,B7-PCK,PICKING,True,,,3M,02-01,3M-02-01,0,0,0,0,8,8
993,3M-02-02,235,B7-PCK,PICKING,True,,,3M,02-02,3M-02-02,0,0,0,0,8,8
997,3M-02-03,235,B7-PCK,PICKING,True,,,3M,02-03,3M-02-03,0,0,0,0,8,8
941,3N-01-01,235,B7-PCK,PICKING,True,,,3N,01-01,3N-01-01,0,1,9,10,16,26
945,3N-01-02,235,B7-PCK,PICKING,True,,,3N,01-02,3N-01-02,0,2,9,11,15,26
949,3N-01-03,235,B7-PCK,PICKING,True,,,3N,01-03,3N-01-03,0,3,9,12,14,26
953,3N-02-01,235,B7-PCK,PICKING,True,,,3N,02-01,3N-02-01,0,1,9,10,16,26
957,3N-02-02,235,B7-PCK,PICKING,True,,,3N,02-02,3N-02-02,0,2,9,11,15,26
961,3N-02-03,235,B7-PCK,PICKING,True,,,3N,02-03,3N-02-03,0,3,9,12,14,26
965,3N-03-01,235,B7-PCK,PICKING,True,,,3N,03-01,3N-03-01,0,1,9,10,16,26
969,3N-03-02,235,B7-PCK,PICKING,True,,,3N,03-02,3N-03-02,0,2,9,11,15,26
973,3N-03-03,235,B7-PCK,PICKING,True,,,3N,03-03,3N-03-03,0,3,9,12,14,26
1001,3P-01-01,235,B7-PCK,PICKING,True,,,3P,01-01,3P-01-01,0,0,0,0,8,8
1005,3P-01-02,235,B7-PCK,PICKING,True,,,3P,01-02,3P-01-02,0,0,0,0,8,8
1009,3P-01-03,235,B7-PCK,PICKING,True,,,3P,01-03,3P-01-03,0,0,0,0,8,8
1013,3P-02-01,235,B7-PCK,PICKING,True,,,3P,02-01,3P-02-01,0,0,0,0,8,8
1017,3P-02-02,235,B7-PCK,PICKING,True,,,3P,02-02,3P-02-02,0,0,0,0,8,8
1021,3P-02-03,235,B7-PCK,PICKING,True,,,3P,02-03,3P-02-03,0,0,0,0,8,8
1025,3Q-01-01,235,B7-PCK,PICKING,True,,,3Q,01-01,3Q-01-01,0,0,0,0,8,8
1029,3Q-01-02,235,B7-PCK,PICKING,True,,,3Q,01-02,3Q-01-02,0,0,0,0,8,8
1033,3Q-01-03,235,B7-PCK,PICKING,True,,,3Q,01-03,3Q-01-03,0,0,0,0,8,8
1037,3Q-02-01,235,B7-PCK,PICKING,True,,,3Q,02-01,3Q-02-01,0,0,0,0,8,8
1041,3Q-02-02,235,B7-PCK,PICKING,True,,,3Q,02-02,3Q-02-02,0,0,0,0,8,8
1045,3Q-02-03,235,B7-PCK,PICKING,True,,,3Q,02-03,3Q-02-03,0,0,0,0,8,8
1049,3Q-03-01,235,B7-PCK,PICKING,True,,,3Q,03-01,3Q-03-01,0,0,0,0,8,8
1053,3Q-03-02,235,B7-PCK,PICKING,True,,,3Q,03-02,3Q-03-02,0,0,0,0,8,8
1057,3Q-03-03,235,B7-PCK,PICKING,True,,,3Q,03-03,3Q-03-03,0,0,0,0,8,8
1061,3R-01-01,235,B7-PCK,PICKING,True,,,3R,01-01,3R-01-01,0,0,0,0,8,8
1065,3R-01-02,235,B7-PCK,PICKING,True,,,3R,01-02,3R-01-02,0,0,0,0,8,8
1069,3R-01-03,235,B7-PCK,PICKING,True,,,3R,01-03,3R-01-03,0,0,0,0,8,8
1073,3R-02-01,235,B7-PCK,PICKING,True,,,3R,02-01,3R-02-01,0,0,0,0,8,8
1077,3R-02-02,235,B7-PCK,PICKING,True,,,3R,02-02,3R-02-02,0,0,0,0,8,8
1081,3R-02-03,235,B7-PCK,PICKING,True,,,3R,02-03,3R-02-03,0,0,0,0,8,8
1085,3S-01-01,235,B7-PCK,PICKING,True,,,3S,01-01,3S-01-01,0,0,0,0,8,8
1089,3S-01-02,235,B7-PCK,PICKING,True,,,3S,01-02,3S-01-02,0,0,0,0,8,8
1101,3S-01-03,235,B7-PCK,PICKING,True,,,3S,01-03,3S-01-03,0,0,0,0,8,8
1105,3S-02-01,235,B7-PCK,PICKING,True,,,3S,02-01,3S-02-01,0,0,0,0,8,8
1108,3S-02-02,235,B7-PCK,PICKING,True,,,3S,02-02,3S-02-02,0,0,0,0,8,8
1112,3S-02-03,235,B7-PCK,PICKING,True,,,3S,02-03,3S-02-03,0,0,0,0,8,8
1116,3S-03-01,235,B7-PCK,PICKING,True,,,3S,03-01,3S-03-01,0,0,0,0,8,8
1120,3S-03-02,235,B7-PCK,PICKING,True,,,3S,03-02,3S-03-02,0,0,0,0,8,8
1124,3S-03-03,235,B7-PCK,PICKING,True,,,3S,03-03,3S-03-03,0,0,0,0,8,8
1128,3T-01-01,235,B7-PCK,PICKING,True,,,3T,01-01,3T-01-01,0,0,0,0,8,8
1132,3T-01-02,235,B7-PCK,PICKING,True,,,3T,01-02,3T-01-02,0,0,0,0,8,8
1136,3T-01-03,235,B7-PCK,PICKING,True,,,3T,01-03,3T-01-03,0,0,0,0,8,8
1140,3T-02-01,235,B7-PCK,PICKING,True,,,3T,02-01,3T-02-01,0,0,0,0,8,8
1144,3T-02-02,235,B7-PCK,PICKING,True,,,3T,02-02,3T-02-02,0,0,0,0,8,8
1148,3T-02-03,235,B7-PCK,PICKING,True,,,3T,02-03,3T-02-03,0,0,0,0,8,8
1152,3V-01-01,235,B7-PCK,PICKING,True,,,3V,01-01,3V-01-01,0,0,0,0,8,8
1156,3V-01-02,235,B7-PCK,PICKING,True,,,3V,01-02,3V-01-02,0,0,0,0,8,8
1160,3V-01-03,235,B7-PCK,PICKING,True,,,3V,01-03,3V-01-03,0,0,0,0,8,8
1164,3V-02-01,235,B7-PCK,PICKING,True,,,3V,02-01,3V-02-01,0,0,0,0,8,8
1168,3V-02-02,235,B7-PCK,PICKING,True,,,3V,02-02,3V-02-02,0,0,0,0,8,8
1172,3V-02-03,235,B7-PCK,PICKING,True,,,3V,02-03,3V-02-03,0,0,0,0,8,8
1176,3V-03-01,235,B7-PCK,PICKING,True,,,3V,03-01,3V-03-01,0,0,0,0,8,8
1180,3V-03-02,235,B7-PCK,PICKING,True,,,3V,03-02,3V-03-02,0,0,0,0,8,8
1184,3V-03-03,235,B7-PCK,PICKING,True,,,3V,03-03,3V-03-03,0,0,0,0,8,8
1188,3W-01-01,235,B7-PCK,PICKING,True,,,3W,01-01,3W-01-01,0,0,0,0,8,8
1192,3W-01-02,235,B7-PCK,PICKING,True,,,3W,01-02,3W-01-02,0,0,0,0,8,8
1196,3W-01-03,235,B7-PCK,PICKING,True,,,3W,01-03,3W-01-03,0,0,0,0,8,8
1200,3W-02-01,235,B7-PCK,PICKING,True,,,3W,02-01,3W-02-01,0,0,0,0,8,8
1204,3W-02-02,235,B7-PCK,PICKING,True,,,3W,02-02,3W-02-02,0,0,0,0,8,8
1208,3W-02-03,235,B7-PCK,PICKING,True,,,3W,02-03,3W-02-03,0,0,0,0,8,8
1212,3W-03-01,235,B7-PCK,PICKING,True,,,3W,03-01,3W-03-01,0,0,0,0,8,8
1216,3W-03-02,235,B7-PCK,PICKING,True,,,3W,03-02,3W-03-02,0,0,0,0,8,8
1220,3W-03-03,235,B7-PCK,PICKING,True,,,3W,03-03,3W-03-03,0,0,0,0,8,8
1224,3W-04-01,235,B7-PCK,PICKING,True,,,3W,04-01,3W-04-01,0,0,0,0,8,8
1228,3W-04-02,235,B7-PCK,PICKING,True,,,3W,04-02,3W-04-02,0,0,0,0,8,8
1232,3W-04-03,235,B7-PCK,PICKING,True,,,3W,04-03,3W-04-03,0,0,0,0,8,8
1236,3W-05-01,235,B7-PCK,PICKING,True,,,3W,05-01,3W-05-01,0,0,0,0,8,8
1240,3W-05-02,235,B7-PCK,PICKING,True,,,3W,05-02,3W-05-02,0,0,0,0,8,8
1244,3W-05-03,235,B7-PCK,PICKING,True,,,3W,05-03,3W-05-03,0,0,0,0,8,8
1248,3X-01-01,235,B7-PCK,PICKING,True,,,3X,01-01,3X-01-01,0,0,0,0,8,8
1252,3X-01-02,235,B7-PCK,PICKING,True,,,3X,01-02,3X-01-02,0,0,0,0,8,8
1256,3X-01-03,235,B7-PCK,PICKING,True,,,3X,01-03,3X-01-03,0,0,0,0,8,8
1260,3X-02-01,235,B7-PCK,PICKING,True,,,3X,02-01,3X-02-01,0,0,0,0,8,8
1264,3X-02-02,235,B7-PCK,PICKING,True,,,3X,02-02,3X-02-02,0,0,0,0,8,8
1268,3X-02-03,235,B7-PCK,PICKING,True,,,3X,02-03,3X-02-03,0,0,0,0,8,8
1272,3X-03-01,235,B7-PCK,PICKING,True,,,3X,03-01,3X-03-01,0,0,0,0,8,8
1276,3X-03-02,235,B7-PCK,PICKING,True,,,3X,03-02,3X-03-02,0,0,0,0,8,8
1280,3X-03-03,235,B7-PCK,PICKING,True,,,3X,03-03,3X-03-03,0,0,0,0,8,8
1284,3X-04-01,235,B7-PCK,PICKING,True,,,3X,04-01,3X-04-01,0,0,0,0,8,8
1288,3X-04-02,235,B7-PCK,PICKING,True,,,3X,04-02,3X-04-02,0,0,0,0,8,8
1292,3X-04-03,235,B7-PCK,PICKING,True,,,3X,04-03,3X-04-03,0,0,0,0,8,8
1301,3X-05-01,235,B7-PCK,PICKING,True,,,3X,05-01,3X-05-01,0,0,0,0,8,8
1304,3X-05-02,235,B7-PCK,PICKING,True,,,3X,05-02,3X-05-02,0,0,0,0,8,8
1308,3X-05-03,235,B7-PCK,PICKING,True,,,3X,05-03,3X-05-03,0,0,0,0,8,8
1331,B07-N(-1),235,B07-SS,RESERVE,True,,,B07,N(-1),B07-N(-1),0,0,0,0,8,8
398,B07-N1-A1,235,B07-N1,RESERVE,True,,,B07,N1-A1,B07-N1-A1,0,0,0,0,8,8
400,B07-N1-A2,235,B07-N1,RESERVE,True,,,B07,N1-A2,B07-N1-A2,0,0,0,0,8,8
402,B07-N1-A3,235,B07-N1,RESERVE,True,,,B07,N1-A3,B07-N1-A3,0,0,0,0,8,8
403,B07-N1-A4,235,B07-N1,RESERVE,True,,,B07,N1-A4,B07-N1-A4,0,0,0,0,8,8
404,B07-N1-A5,235,B07-N1,RESERVE,True,,,B07,N1-A5,B07-N1-A5,0,0,0,0,8,8
405,B07-N1-A6,235,B07-N1,RESERVE,True,,,B07,N1-A6,B07-N1-A6,0,0,0,0,8,8
406,B07-N1-A7,235,B07-N1,RESERVE,True,,,B07,N1-A7,B07-N1-A7,0,0,0,0,8,8
407,B07-N1-A8,235,B07-N1,RESERVE,True,,,B07,N1-A8,B07-N1-A8,0,0,0,0,8,8
408,B07-N1-B1,235,B07-N1,RESERVE,True,,,B07,N1-B1,B07-N1-B1,0,0,0,0,8,8
409,B07-N1-B2,235,B07-N1,RESERVE,True,,,B07,N1-B2,B07-N1-B2,0,0,0,0,8,8
410,B07-N1-B3,235,B07-N1,RESERVE,True,,,B07,N1-B3,B07-N1-B3,0,0,0,0,8,8
1352,B07-N1-B4,235,B07-N1,RESERVE,True,,,B07,N1-B4,B07-N1-B4,0,0,0,0,8,8
878,B07-N1-B5,235,B07-N1,RESERVE,True,,,B07,N1-B5,B07-N1-B5,0,0,0,0,8,8
1090,B07-N1-B6,235,B07-N1,RESERVE,True,,,B07,N1-B6,B07-N1-B6,0,0,0,0,8,8
412,B07-N1-B7,235,B07-N1,RESERVE,True,,,B07,N1-B7,B07-N1-B7,0,0,0,0,8,8
1353,B07-N1-C1,235,B07-N1,RESERVE,True,,,B07,N1-C1,B07-N1-C1,0,0,0,0,8,8
1386,B07-N1-C2,235,B07-N1,RESERVE,True,,,B07,N1-C2,B07-N1-C2,0,0,0,0,8,8
664,B07-N1-C3,235,B07-N1,RESERVE,True,,,B07,N1-C3,B07-N1-C3,0,0,0,0,8,8
885,B07-N1-C4,235,B07-N1,RESERVE,True,,,B07,N1-C4,B07-N1-C4,0,0,0,0,8,8
413,B07-N1-C5,235,B07-N1,RESERVE,True,,,B07,N1-C5,B07-N1-C5,0,0,0,0,8,8
1355,B07-N1-C6,235,B07-N1,RESERVE,True,,,B07,N1-C6,B07-N1-C6,0,0,0,0,8,8
1297,B07-N1-C7,235,B07-N1,RESERVE,True,,,B07,N1-C7,B07-N1-C7,0,0,0,0,8,8
1333,B07-N1-C8,235,B07-N1,RESERVE,True,,,B07,N1-C8,B07-N1-C8,0,0,0,0,8,8
411,B07-N1-C9,235,B07-N1,RESERVE,True,,,B07,N1-C9,B07-N1-C9,0,0,0,0,8,8
667,B07-N1-D1,235,B07-N1,RESERVE,True,,,B07,N1-D1,B07-N1-D1,0,0,0,0,8,8
1334,B07-N1-D2,235,B07-N1,RESERVE,True,,,B07,N1-D2,B07-N1-D2,0,0,0,0,8,8
1324,B07-N1-D3,235,B07-N1,RESERVE,True,,,B07,N1-D3,B07-N1-D3,0,0,0,0,8,8
1389,B07-N1-D4,235,B07-N1,RESERVE,True,,,B07,N1-D4,B07-N1-D4,0,0,0,0,8,8
1398,B07-N1-D5,235,B07-N1,RESERVE,True,,,B07,N1-D5,B07-N1-D5,0,0,0,0,8,8
1390,B07-N1-D6,235,B07-N1,RESERVE,True,,,B07,N1-D6,B07-N1-D6,0,0,0,0,8,8
1314,B07-N1-D7,235,B07-N1,RESERVE,True,,,B07,N1-D7,B07-N1-D7,0,0,0,0,8,8
1372,B07-N1-D8,235,B07-N1,RESERVE,True,,,B07,N1-D8,B07-N1-D8,0,0,0,0,8,8
414,B07-N1-D9,235,B07-N1,RESERVE,True,,,B07,N1-D9,B07-N1-D9,0,0,0,0,8,8
1359,B07-N1-E1,235,B07-N1,RESERVE,True,,,B07,N1-E1,B07-N1-E1,0,0,0,0,8,8
1376,B07-N1-E10,235,B07-N1,RESERVE,True,,,B07,N1-E10,B07-N1-E10,0,0,0,0,8,8
1377,B07-N1-E11,235,B07-N1,RESERVE,True,,,B07,N1-E11,B07-N1-E11,0,0,0,0,8,8
673,B07-N1-E12,235,B07-N1,RESERVE,True,,,B07,N1-E12,B07-N1-E12,0,0,0,0,8,8
1378,B07-N1-E13,235,B07-N1,RESERVE,True,,,B07,N1-E13,B07-N1-E13,0,0,0,0,8,8
1346,B07-N1-E14,235,B07-N1,RESERVE,True,,,B07,N1-E14,B07-N1-E14,0,0,0,0,8,8
1095,B07-N1-E15,235,B07-N1,RESERVE,True,,,B07,N1-E15,B07-N1-E15,0,0,0,0,8,8
1361,B07-N1-E16,235,B07-N1,RESERVE,True,,,B07,N1-E16,B07-N1-E16,0,0,0,0,8,8
674,B07-N1-E17,235,B07-N1,RESERVE,True,,,B07,N1-E17,B07-N1-E17,0,0,0,0,8,8
1298,B07-N1-E18,235,B07-N1,RESERVE,True,,,B07,N1-E18,B07-N1-E18,0,0,0,0,8,8
1336,B07-N1-E19,235,B07-N1,RESERVE,True,,,B07,N1-E19,B07-N1-E19,0,0,0,0,8,8
1374,B07-N1-E2,235,B07-N1,RESERVE,True,,,B07,N1-E2,B07-N1-E2,0,0,0,0,8,8
1335,B07-N1-E3,235,B07-N1,RESERVE,True,,,B07,N1-E3,B07-N1-E3,0,0,0,0,8,8
1360,B07-N1-E4,235,B07-N1,RESERVE,True,,,B07,N1-E4,B07-N1-E4,0,0,0,0,8,8
671,B07-N1-E5,235,B07-N1,RESERVE,True,,,B07,N1-E5,B07-N1-E5,0,0,0,0,8,8
1375,B07-N1-E6,235,B07-N1,RESERVE,True,,,B07,N1-E6,B07-N1-E6,0,0,0,0,8,8
672,B07-N1-E7,235,B07-N1,RESERVE,True,,,B07,N1-E7,B07-N1-E7,0,0,0,0,8,8
866,B07-N1-E8,235,B07-N1,RESERVE,True,,,B07,N1-E8,B07-N1-E8,0,0,0,0,8,8
867,B07-N1-E9,235,B07-N1,RESERVE,True,,,B07,N1-E9,B07-N1-E9,0,0,0,0,8,8
1400,B07-N1-SOL,235,B07-N1,RESERVE,True,,,B07,N1-SOL,B07-N1-SOL,0,0,0,0,8,8
1320,B07-N2-A1,235,B07-N2,RESERVE,True,,,B07,N2-A1,B07-N2-A1,0,0,0,0,8,8
658,B07-N2-A2,235,B07-N2,RESERVE,True,,,B07,N2-A2,B07-N2-A2,0,0,0,0,8,8
401,B07-N2-A3,235,B07-N2,RESERVE,True,,,B07,N2-A3,B07-N2-A3,0,0,0,0,8,8
399,B07-N2-A4,235,B07-N2,RESERVE,True,,,B07,N2-A4,B07-N2-A4,0,0,0,0,8,8
396,B07-N2-A5,235,B07-N2,RESERVE,True,,,B07,N2-A5,B07-N2-A5,0,0,0,0,8,8
395,B07-N2-A6,235,B07-N2,RESERVE,True,,,B07,N2-A6,B07-N2-A6,0,0,0,0,8,8
397,B07-N2-A7,235,B07-N2,RESERVE,True,,,B07,N2-A7,B07-N2-A7,0,0,0,0,8,8
883,B07-N2-A8,235,B07-N2,RESERVE,True,,,B07,N2-A8,B07-N2-A8,0,0,0,0,8,8
660,B07-N2-B1,235,B07-N2,RESERVE,True,,,B07,N2-B1,B07-N2-B1,0,0,0,0,8,8
661,B07-N2-B2,235,B07-N2,RESERVE,True,,,B07,N2-B2,B07-N2-B2,0,0,0,0,8,8
1397,B07-N2-B3,235,B07-N2,RESERVE,True,,,B07,N2-B3,B07-N2-B3,0,0,0,0,8,8
1369,B07-N2-B4,235,B07-N2,RESERVE,True,,,B07,N2-B4,B07-N2-B4,0,0,0,0,8,8
663,B07-N2-B5,235,B07-N2,RESERVE,True,,,B07,N2-B5,B07-N2-B5,0,0,0,0,8,8
1354,B07-N2-B6,235,B07-N2,RESERVE,True,,,B07,N2-B6,B07-N2-B6,0,0,0,0,8,8
1387,B07-N2-B7,235,B07-N2,RESERVE,True,,,B07,N2-B7,B07-N2-B7,0,0,0,0,8,8
884,B07-N2-C1,235,B07-N2,RESERVE,True,,,B07,N2-C1,B07-N2-C1,0,0,0,0,8,8
1296,B07-N2-C2,235,B07-N2,RESERVE,True,,,B07,N2-C2,B07-N2-C2,0,0,0,0,8,8
665,B07-N2-C3,235,B07-N2,RESERVE,True,,,B07,N2-C3,B07-N2-C3,0,0,0,0,8,8
1091,B07-N2-C4,235,B07-N2,RESERVE,True,,,B07,N2-C4,B07-N2-C4,0,0,0,0,8,8
886,B07-N2-C5,235,B07-N2,RESERVE,True,,,B07,N2-C5,B07-N2-C5,0,0,0,0,8,8
1092,B07-N2-C6,235,B07-N2,RESERVE,True,,,B07,N2-C6,B07-N2-C6,0,0,0,0,8,8
666,B07-N2-C7,235,B07-N2,RESERVE,True,,,B07,N2-C7,B07-N2-C7,0,0,0,0,8,8
1312,B07-N2-C8,235,B07-N2,RESERVE,True,,,B07,N2-C8,B07-N2-C8,0,0,0,0,8,8
1332,B07-N2-C9,235,B07-N2,RESERVE,True,,,B07,N2-C9,B07-N2-C9,0,0,0,0,8,8
1370,B07-N2-D1,235,B07-N2,RESERVE,True,,,B07,N2-D1,B07-N2-D1,0,0,0,0,8,8
1371,B07-N2-D2,235,B07-N2,RESERVE,True,,,B07,N2-D2,B07-N2-D2,0,0,0,0,8,8
1093,B07-N2-D3,235,B07-N2,RESERVE,True,,,B07,N2-D3,B07-N2-D3,0,0,0,0,8,8
1313,B07-N2-D4,235,B07-N2,RESERVE,True,,,B07,N2-D4,B07-N2-D4,0,0,0,0,8,8
1388,B07-N2-D5,235,B07-N2,RESERVE,True,,,B07,N2-D5,B07-N2-D5,0,0,0,0,8,8
864,B07-N2-D6,235,B07-N2,RESERVE,True,,,B07,N2-D6,B07-N2-D6,0,0,0,0,8,8
1343,B07-N2-D7,235,B07-N2,RESERVE,True,,,B07,N2-D7,B07-N2-D7,0,0,0,0,8,8
668,B07-N2-D8,235,B07-N2,RESERVE,True,,,B07,N2-D8,B07-N2-D8,0,0,0,0,8,8
865,B07-N2-D9,235,B07-N2,RESERVE,True,,,B07,N2-D9,B07-N2-D9,0,0,0,0,8,8
1399,B07-N2-E1,235,B07-N2,RESERVE,True,,,B07,N2-E1,B07-N2-E1,0,0,0,0,8,8
1321,B07-N2-E10,235,B07-N2,RESERVE,True,,,B07,N2-E10,B07-N2-E10,0,0,0,0,8,8
1358,B07-N2-E11,235,B07-N2,RESERVE,True,,,B07,N2-E11,B07-N2-E11,0,0,0,0,8,8
1326,B07-N2-E12,235,B07-N2,RESERVE,True,,,B07,N2-E12,B07-N2-E12,0,0,0,0,8,8
1344,B07-N2-E13,235,B07-N2,RESERVE,True,,,B07,N2-E13,B07-N2-E13,0,0,0,0,8,8
1391,B07-N2-E14,235,B07-N2,RESERVE,True,,,B07,N2-E14,B07-N2-E14,0,0,0,0,8,8
1315,B07-N2-E15,235,B07-N2,RESERVE,True,,,B07,N2-E15,B07-N2-E15,0,0,0,0,8,8
1345,B07-N2-E16,235,B07-N2,RESERVE,True,,,B07,N2-E16,B07-N2-E16,0,0,0,0,8,8
1094,B07-N2-E17,235,B07-N2,RESERVE,True,,,B07,N2-E17,B07-N2-E17,0,0,0,0,8,8
890,B07-N2-E18,235,B07-N2,RESERVE,True,,,B07,N2-E18,B07-N2-E18,0,0,0,0,8,8
670,B07-N2-E19,235,B07-N2,RESERVE,True,,,B07,N2-E19,B07-N2-E19,0,0,0,0,8,8
887,B07-N2-E2,235,B07-N2,RESERVE,True,,,B07,N2-E2,B07-N2-E2,0,0,0,0,8,8
888,B07-N2-E3,235,B07-N2,RESERVE,True,,,B07,N2-E3,B07-N2-E3,0,0,0,0,8,8
1356,B07-N2-E4,235,B07-N2,RESERVE,True,,,B07,N2-E4,B07-N2-E4,0,0,0,0,8,8
1357,B07-N2-E5,235,B07-N2,RESERVE,True,,,B07,N2-E5,B07-N2-E5,0,0,0,0,8,8
1325,B07-N2-E6,235,B07-N2,RESERVE,True,,,B07,N2-E6,B07-N2-E6,0,0,0,0,8,8
1373,B07-N2-E7,235,B07-N2,RESERVE,True,,,B07,N2-E7,B07-N2-E7,0,0,0,0,8,8
669,B07-N2-E8,235,B07-N2,RESERVE,True,,,B07,N2-E8,B07-N2-E8,0,0,0,0,8,8
889,B07-N2-E9,235,B07-N2,RESERVE,True,,,B07,N2-E9,B07-N2-E9,0,0,0,0,8,8
1366,B07-N2-sans zone,235,B07-N2,RESERVE,True,,,B07,N2-sans zone,B07-N2-sans zone,0,0,0,0,8,8
1379,B07-N3-A1,235,B07-N3,RESERVE,True,,,B07,N3-A1,B07-N3-A1,0,0,0,0,8,8
1392,B07-N3-A2,235,B07-N3,RESERVE,True,,,B07,N3-A2,B07-N3-A2,0,0,0,0,8,8
1347,B07-N3-A3,235,B07-N3,RESERVE,True,,,B07,N3-A3,B07-N3-A3,0,0,0,0,8,8
1316,B07-N3-A4,235,B07-N3,RESERVE,True,,,B07,N3-A4,B07-N3-A4,0,0,0,0,8,8
415,B07-N3-A5,235,B07-N3,RESERVE,True,,,B07,N3-A5,B07-N3-A5,0,0,0,0,8,8
1401,B07-N3-A6,235,B07-N3,RESERVE,True,,,B07,N3-A6,B07-N3-A6,0,0,0,0,8,8
1329,B07-N3-C1,235,B07-N3,RESERVE,True,,,B07,N3-C1,B07-N3-C1,0,0,0,0,8,8
1364,B07-N3-C10,235,B07-N3,RESERVE,True,,,B07,N3-C10,B07-N3-C10,0,0,0,0,8,8
1365,B07-N3-C11,235,B07-N3,RESERVE,True,,,B07,N3-C11,B07-N3-C11,0,0,0,0,8,8
873,B07-N3-C12,235,B07-N3,RESERVE,True,,,B07,N3-C12,B07-N3-C12,0,0,0,0,8,8
1380,B07-N3-C2,235,B07-N3,RESERVE,True,,,B07,N3-C2,B07-N3-C2,0,0,0,0,8,8
1337,B07-N3-C3,235,B07-N3,RESERVE,True,,,B07,N3-C3,B07-N3-C3,0,0,0,0,8,8
879,B07-N3-C4,235,B07-N3,RESERVE,True,,,B07,N3-C4,B07-N3-C4,0,0,0,0,8,8
872,B07-N3-C5,235,B07-N3,RESERVE,True,,,B07,N3-C5,B07-N3-C5,0,0,0,0,8,8
1394,B07-N3-C6,235,B07-N3,RESERVE,True,,,B07,N3-C6,B07-N3-C6,0,0,0,0,8,8
1395,B07-N3-C7,235,B07-N3,RESERVE,True,,,B07,N3-C7,B07-N3-C7,0,0,0,0,8,8
1381,B07-N3-C8,235,B07-N3,RESERVE,True,,,B07,N3-C8,B07-N3-C8,0,0,0,0,8,8
1382,B07-N3-C9,235,B07-N3,RESERVE,True,,,B07,N3-C9,B07-N3-C9,0,0,0,0,8,8
1383,B07-N3-E1,235,B07-N3,RESERVE,True,,,B07,N3-E1,B07-N3-E1,0,0,0,0,8,8
874,B07-N3-E2,235,B07-N3,RESERVE,True,,,B07,N3-E2,B07-N3-E2,0,0,0,0,8,8
417,B07-N3-E3,235,B07-N3,RESERVE,True,,,B07,N3-E3,B07-N3-E3,0,0,0,0,8,8
1097,B07-N3-E4,235,B07-N3,RESERVE,True,,,B07,N3-E4,B07-N3-E4,0,0,0,0,8,8
1339,B07-N3-E5,235,B07-N3,RESERVE,True,,,B07,N3-E5,B07-N3-E5,0,0,0,0,8,8
1396,B07-N3-E6,235,B07-N3,RESERVE,True,,,B07,N3-E6,B07-N3-E6,0,0,0,0,8,8
1384,B07-N3-E7,235,B07-N3,RESERVE,True,,,B07,N3-E7,B07-N3-E7,0,0,0,0,8,8
1385,B07-N3-E8,235,B07-N3,RESERVE,True,,,B07,N3-E8,B07-N3-E8,0,0,0,0,8,8
893,B07-N3-E9,235,B07-N3,RESERVE,True,,,B07,N3-E9,B07-N3-E9,0,0,0,0,8,8
1319,B07-N3-SOL,235,B07-N3,RESERVE,True,,,B07,N3-SOL,B07-N3-SOL,0,0,0,0,8,8
875,B07-N3-ST,235,B07-N3,RESERVE,True,,,B07,N3-ST,B07-N3-ST,0,0,0,0,8,8
1327,B07-N4-17,235,B07-N4,RESERVE,True,,,B07,N4-17,B07-N4-17,0,0,0,0,8,8
891,B07-N4-A1,235,B07-N4,RESERVE,True,,,B07,N4-A1,B07-N4-A1,0,0,0,0,8,8
1322,B07-N4-A2,235,B07-N4,RESERVE,True,,,B07,N4-A2,B07-N4-A2,0,0,0,0,8,8
892,B07-N4-A3,235,B07-N4,RESERVE,True,,,B07,N4-A3,B07-N4-A3,0,0,0,0,8,8
1349,B07-N4-A4,235,B07-N4,RESERVE,True,,,B07,N4-A4,B07-N4-A4,0,0,0,0,8,8
675,B07-N4-A5,235,B07-N4,RESERVE,True,,,B07,N4-A5,B07-N4-A5,0,0,0,0,8,8
868,B07-N4-A6,235,B07-N4,RESERVE,True,,,B07,N4-A6,B07-N4-A6,0,0,0,0,8,8
876,B07-N4-A7,235,B07-N4,RESERVE,True,,,B07,N4-A7,B07-N4-A7,0,0,0,0,8,8
676,B07-N4-C1,235,B07-N4,RESERVE,True,,,B07,N4-C1,B07-N4-C1,0,0,0,0,8,8
1096,B07-N4-C10,235,B07-N4,RESERVE,True,,,B07,N4-C10,B07-N4-C10,0,0,0,0,8,8
1362,B07-N4-C11,235,B07-N4,RESERVE,True,,,B07,N4-C11,B07-N4-C11,0,0,0,0,8,8
880,B07-N4-C12,235,B07-N4,RESERVE,True,,,B07,N4-C12,B07-N4-C12,0,0,0,0,8,8
1350,B07-N4-C2,235,B07-N4,RESERVE,True,,,B07,N4-C2,B07-N4-C2,0,0,0,0,8,8
869,B07-N4-C3,235,B07-N4,RESERVE,True,,,B07,N4-C3,B07-N4-C3,0,0,0,0,8,8
1328,B07-N4-C4,235,B07-N4,RESERVE,True,,,B07,N4-C4,B07-N4-C4,0,0,0,0,8,8
677,B07-N4-C5,235,B07-N4,RESERVE,True,,,B07,N4-C5,B07-N4-C5,0,0,0,0,8,8
870,B07-N4-C6,235,B07-N4,RESERVE,True,,,B07,N4-C6,B07-N4-C6,0,0,0,0,8,8
416,B07-N4-C7,235,B07-N4,RESERVE,True,,,B07,N4-C7,B07-N4-C7,0,0,0,0,8,8
1393,B07-N4-C8,235,B07-N4,RESERVE,True,,,B07,N4-C8,B07-N4-C8,0,0,0,0,8,8
1330,B07-N4-C9,235,B07-N4,RESERVE,True,,,B07,N4-C9,B07-N4-C9,0,0,0,0,8,8
1338,B07-N4-E1,235,B07-N4,RESERVE,True,,,B07,N4-E1,B07-N4-E1,0,0,0,0,8,8
1309,B07-N4-E10,235,B07-N4,RESERVE,True,,,B07,N4-E10,B07-N4-E10,0,0,0,0,8,8
1402,B07-N4-E11,235,B07-N4,RESERVE,True,,,B07,N4-E11,B07-N4-E11,0,0,0,0,8,8
1367,B07-N4-E12,235,B07-N4,RESERVE,True,,,B07,N4-E12,B07-N4-E12,0,0,0,0,8,8
1368,B07-N4-E13,235,B07-N4,RESERVE,True,,,B07,N4-E13,B07-N4-E13,0,0,0,0,8,8
877,B07-N4-E14,235,B07-N4,RESERVE,True,,,B07,N4-E14,B07-N4-E14,0,0,0,0,8,8
1340,B07-N4-E15,235,B07-N4,RESERVE,True,,,B07,N4-E15,B07-N4-E15,0,0,0,0,8,8
1348,B07-N4-E16,235,B07-N4,RESERVE,True,,,B07,N4-E16,B07-N4-E16,0,0,0,0,8,8
1310,B07-N4-E17,235,B07-N4,RESERVE,True,,,B07,N4-E17,B07-N4-E17,0,0,0,0,8,8
1300,B07-N4-E2,235,B07-N4,RESERVE,True,,,B07,N4-E2,B07-N4-E2,0,0,0,0,8,8
1363,B07-N4-E3,235,B07-N4,RESERVE,True,,,B07,N4-E3,B07-N4-E3,0,0,0,0,8,8
871,B07-N4-E4,235,B07-N4,RESERVE,True,,,B07,N4-E4,B07-N4-E4,0,0,0,0,8,8
1317,B07-N4-E5,235,B07-N4,RESERVE,True,,,B07,N4-E5,B07-N4-E5,0,0,0,0,8,8
1351,B07-N4-E6,235,B07-N4,RESERVE,True,,,B07,N4-E6,B07-N4-E6,0,0,0,0,8,8
881,B07-N4-E7,235,B07-N4,RESERVE,True,,,B07,N4-E7,B07-N4-E7,0,0,0,0,8,8
1318,B07-N4-E8,235,B07-N4,RESERVE,True,,,B07,N4-E8,B07-N4-E8,0,0,0,0,8,8
882,B07-N4-E9,235,B07-N4,RESERVE,True,,,B07,N4-E9,B07-N4-E9,0,0,0,0,8,8
1323,B07-N4-SOL,235,B07-N4,RESERVE,True,,,B07,N4-SOL,B07-N4-SOL,0,0,0,0,8,8
209,B6-00-02,235,B07,RESERVE,True,,,B6,00-02,B6-00-02,0,0,0,0,8,8
1311,B7-N0-Quai,235,B07-N0,EXPEDITION,True,,,B7,N0-Quai,B7-N0-Quai,0,0,0,0,8,8
1403,B7-00-0A,235,B07-N0,PICKING,True,,,B7,00-0A,B7-00-0A,0,0,0,0,8,8
1404,B7+1,235,B07-N1,RESERVE,True,,,,,B7+1,0,0,0,0,8,8
1405,B7-1,235,B07-SS,RESERVE,True,,,B7,1,B7-1,0,0,0,0,8,8
1406,B7+2,235,B07-N2,RESERVE,True,,,,,B7+2,0,0,0,0,8,8
